gene_id,gene_name,cluster_id
ENSG00000001631.17,KRIT1,1
ENSG00000003402.21,CFLAR,9
ENSG00000004142.12,POLDIP2,12
ENSG00000004455.17,AK2,11
ENSG00000005007.13,UPF1,3
ENSG00000005156.12,LIG3,12
ENSG00000005175.10,RPAP3,9
ENSG00000005194.15,CIAPIN1,12
ENSG00000005206.17,SPPL2B,13
ENSG00000005249.13,PRKAR2B,18
ENSG00000005810.19,MYCBP2,13
ENSG00000006007.12,GDE1,13
ENSG00000006125.18,AP2B1,3
ENSG00000006451.8,RALA,2
ENSG00000006831.10,ADIPOR2,13
ENSG00000007944.15,MYLIP,13
ENSG00000008083.14,JARID2,13
ENSG00000008282.9,SYPL1,7
ENSG00000008283.16,CYB561,13
ENSG00000008952.17,SEC62,1
ENSG00000008988.11,RPS20,9
ENSG00000009307.17,CSDE1,5
ENSG00000009765.15,IYD,13
ENSG00000009844.16,VTA1,1
ENSG00000009954.11,BAZ1B,12
ENSG00000010244.19,ZNF207,13
ENSG00000010270.14,STARD3NL,2
ENSG00000011007.13,ELOA,14
ENSG00000012048.23,BRCA1,13
ENSG00000012061.16,ERCC1,14
ENSG00000012232.9,EXTL3,14
ENSG00000013523.11,ANGEL1,14
ENSG00000013561.18,RNF14,14
ENSG00000014919.13,COX15,13
ENSG00000018189.13,RUFY3,1
ENSG00000020922.13,MRE11,14
ENSG00000021355.13,SERPINB1,1
ENSG00000023318.9,ERP44,3
ENSG00000023697.13,DERA,13
ENSG00000023909.10,GCLM,14
ENSG00000025293.17,PHF20,9
ENSG00000025800.14,KPNA6,2
ENSG00000029363.17,BCLAF1,12
ENSG00000029534.21,ANK1,13
ENSG00000029725.17,RABEP1,12
ENSG00000029993.15,HMGB3,9
ENSG00000031081.11,ARHGAP31,13
ENSG00000033011.14,ALG1,4
ENSG00000033050.9,ABCF2,4
ENSG00000035141.8,FAM136A,7
ENSG00000035403.18,VCL,13
ENSG00000035499.13,DEPDC1B,13
ENSG00000035687.10,ADSS2,3
ENSG00000035928.17,RFC1,1
ENSG00000036054.13,TBC1D23,9
ENSG00000037757.14,MRI1,9
ENSG00000039123.16,MTREX,9
ENSG00000040341.18,STAU2,13
ENSG00000040633.13,PHF23,9
ENSG00000042493.16,CAPG,6
ENSG00000043093.15,DCUN1D1,1
ENSG00000043514.17,TRIT1,9
ENSG00000044115.21,CTNNA1,13
ENSG00000044574.9,HSPA5,12
ENSG00000046604.14,DSG2,13
ENSG00000047849.22,MAP4,1
ENSG00000048544.6,MRPS10,4
ENSG00000048649.14,RSF1,9
ENSG00000048740.19,CELF2,9
ENSG00000048828.17,FAM120A,1
ENSG00000049167.16,ERCC8,3
ENSG00000049245.13,VAMP3,1
ENSG00000049323.16,LTBP1,1
ENSG00000049618.24,ARID1B,12
ENSG00000050393.12,MCUR1,8
ENSG00000050748.18,MAPK9,9
ENSG00000051108.15,HERPUD1,8
ENSG00000051180.17,RAD51,17
ENSG00000051382.9,PIK3CB,12
ENSG00000052723.12,SIKE1,9
ENSG00000052795.13,FNIP2,9
ENSG00000052802.13,MSMO1,12
ENSG00000053372.5,MRTO4,6
ENSG00000054116.12,TRAPPC3,20
ENSG00000054118.15,THRAP3,1
ENSG00000055070.17,SZRD1,8
ENSG00000055130.18,CUL1,12
ENSG00000055211.14,GINM1,13
ENSG00000055609.21,KMT2C,9
ENSG00000055917.16,PUM2,1
ENSG00000056097.16,ZFR,1
ENSG00000056586.16,RC3H2,13
ENSG00000057252.13,SOAT1,13
ENSG00000057608.17,GDI2,12
ENSG00000058063.16,ATP11B,2
ENSG00000058673.17,ZC3H11A,12
ENSG00000058804.12,NDC1,5
ENSG00000059804.16,SLC2A3,3
ENSG00000060237.19,WNK1,1
ENSG00000060339.14,CCAR1,9
ENSG00000060982.15,BCAT1,1
ENSG00000061794.13,MRPS35,3
ENSG00000062194.16,GPBP1,1
ENSG00000062716.13,VMP1,14
ENSG00000063046.18,EIF4B,7
ENSG00000063322.15,MED29,3
ENSG00000064115.11,TM7SF3,13
ENSG00000064393.16,HIPK2,13
ENSG00000064419.14,TNPO3,13
ENSG00000064545.15,TMEM161A,15
ENSG00000064666.15,CNN2,12
ENSG00000064726.10,BTBD1,12
ENSG00000065000.19,AP3D1,1
ENSG00000065135.12,GNAI3,18
ENSG00000065150.21,IPO5,5
ENSG00000065183.16,WDR3,9
ENSG00000065328.17,MCM10,2
ENSG00000065883.17,CDK13,12
ENSG00000065911.13,MTHFD2,1
ENSG00000065989.16,PDE4A,13
ENSG00000066027.12,PPP2R5A,12
ENSG00000066044.15,ELAVL1,13
ENSG00000066583.12,ISOC1,3
ENSG00000066697.15,MSANTD3,1
ENSG00000067064.12,IDI1,1
ENSG00000067167.8,TRAM1,9
ENSG00000067365.15,METTL22,17
ENSG00000067533.6,RRP15,2
ENSG00000067560.14,RHOA,3
ENSG00000067955.15,CBFB,18
ENSG00000068308.15,OTUD5,3
ENSG00000068489.13,PRR11,1
ENSG00000068650.19,ATP11A,9
ENSG00000068796.19,KIF2A,2
ENSG00000069011.16,PITX1,13
ENSG00000069020.19,MAST4,9
ENSG00000069248.12,NUP133,1
ENSG00000069275.13,NUCKS1,18
ENSG00000069345.12,DNAJA2,2
ENSG00000069974.16,RAB27A,8
ENSG00000070010.19,UFD1,9
ENSG00000070423.18,RNF126,10
ENSG00000070770.10,CSNK2A2,12
ENSG00000070814.22,TCOF1,13
ENSG00000070831.17,CDC42,3
ENSG00000070961.16,ATP2B1,13
ENSG00000071054.17,MAP4K4,3
ENSG00000071127.17,WDR1,7
ENSG00000071243.16,ING3,13
ENSG00000071626.17,DAZAP1,7
ENSG00000072042.13,RDH11,13
ENSG00000072110.16,ACTN1,4
ENSG00000072501.19,SMC1A,1
ENSG00000072518.22,MARK2,9
ENSG00000072571.20,HMMR,9
ENSG00000072736.19,NFATC3,13
ENSG00000073536.18,NLE1,15
ENSG00000073584.20,SMARCE1,3
ENSG00000073614.13,KDM5A,13
ENSG00000073921.18,PICALM,12
ENSG00000074696.13,HACD3,11
ENSG00000075131.10,TIPIN,11
ENSG00000075151.24,EIF4G3,13
ENSG00000075413.19,MARK3,9
ENSG00000075856.12,SART3,13
ENSG00000076108.12,BAZ2A,1
ENSG00000077147.16,TM9SF3,2
ENSG00000077232.19,DNAJC10,9
ENSG00000077380.16,DYNC1I2,3
ENSG00000077549.19,CAPZB,3
ENSG00000077684.16,JADE1,12
ENSG00000078124.13,ACER3,1
ENSG00000078140.14,UBE2K,2
ENSG00000078177.14,N4BP2,13
ENSG00000078304.19,PPP2R5C,13
ENSG00000078369.18,GNB1,5
ENSG00000078596.11,ITM2A,9
ENSG00000079134.13,THOC1,9
ENSG00000079246.16,XRCC5,16
ENSG00000079332.15,SAR1A,8
ENSG00000079819.19,EPB41L2,12
ENSG00000080371.6,RAB21,14
ENSG00000080802.20,CNOT4,12
ENSG00000080845.19,DLGAP4,13
ENSG00000081154.12,PCNP,7
ENSG00000081189.16,MEF2C,9
ENSG00000081307.15,UBA5,13
ENSG00000081692.13,JMJD4,10
ENSG00000082153.18,BZW1,7
ENSG00000082641.16,NFE2L1,3
ENSG00000082898.19,XPO1,18
ENSG00000082996.20,RNF13,9
ENSG00000083168.11,KAT6A,9
ENSG00000083312.19,TNPO1,9
ENSG00000083520.15,DIS3,4
ENSG00000083720.13,OXCT1,1
ENSG00000083896.13,YTHDC1,13
ENSG00000083937.10,CHMP2B,9
ENSG00000084070.12,SMAP2,2
ENSG00000084073.10,ZMPSTE24,1
ENSG00000084234.18,APLP2,5
ENSG00000084676.16,NCOA1,13
ENSG00000084733.11,RAB10,11
ENSG00000084754.12,HADHA,12
ENSG00000085063.17,CD59,7
ENSG00000085832.17,EPS15,9
ENSG00000086061.16,DNAJA1,5
ENSG00000086065.14,CHMP5,1
ENSG00000086200.17,IPO11,1
ENSG00000086232.13,EIF2AK1,9
ENSG00000086475.15,SEPHS1,8
ENSG00000086504.18,MRPL28,13
ENSG00000086589.12,RBM22,12
ENSG00000086666.19,ZFAND6,13
ENSG00000086758.16,HUWE1,1
ENSG00000087263.17,OGFOD1,12
ENSG00000087274.19,ADD1,12
ENSG00000087470.19,DNM1L,14
ENSG00000087586.18,AURKA,1
ENSG00000087995.16,METTL2A,11
ENSG00000088205.13,DDX18,1
ENSG00000088247.19,KHSRP,2
ENSG00000088256.9,GNA11,13
ENSG00000088325.16,TPX2,13
ENSG00000088888.18,MAVS,11
ENSG00000089006.17,SNX5,16
ENSG00000089022.14,MAPKAPK5,13
ENSG00000089220.5,PEBP1,19
ENSG00000089682.17,RBM41,13
ENSG00000089685.15,BIRC5,12
ENSG00000090060.19,PAPOLA,1
ENSG00000090316.16,MAEA,12
ENSG00000090520.12,DNAJB11,8
ENSG00000090686.16,USP48,13
ENSG00000090857.14,PDPR,13
ENSG00000091009.8,RBM27,2
ENSG00000091039.17,OSBPL8,1
ENSG00000091317.8,CMTM6,9
ENSG00000091542.9,ALKBH5,9
ENSG00000091651.9,ORC6,11
ENSG00000091947.10,TMEM101,6
ENSG00000092108.22,SCFD1,11
ENSG00000092199.19,HNRNPC,2
ENSG00000092201.10,SUPT16H,1
ENSG00000092531.10,SNAP23,9
ENSG00000092820.19,EZR,3
ENSG00000092847.13,AGO1,13
ENSG00000093000.19,NUP50,5
ENSG00000093144.19,ECHDC1,1
ENSG00000093167.18,LRRFIP2,13
ENSG00000094804.12,CDC6,1
ENSG00000094916.16,CBX5,3
ENSG00000095209.12,TMEM38B,1
ENSG00000095261.14,PSMD5,13
ENSG00000095787.24,WAC,12
ENSG00000095794.20,CREM,9
ENSG00000096060.15,FKBP5,4
ENSG00000096063.16,SRPK1,2
ENSG00000096092.6,TMEM14A,8
ENSG00000096401.8,CDC5L,13
ENSG00000096746.18,HNRNPH3,5
ENSG00000097033.14,SH3GLB1,2
ENSG00000099194.6,SCD,8
ENSG00000099246.18,RAB18,13
ENSG00000099337.5,KCNK6,9
ENSG00000099341.12,PSMD8,6
ENSG00000099804.9,CDC34,1
ENSG00000099817.12,POLR2E,9
ENSG00000099899.15,TRMT2A,12
ENSG00000099940.12,SNAP29,6
ENSG00000099995.19,SF3A1,12
ENSG00000100030.15,MAPK1,2
ENSG00000100034.14,PPM1F,11
ENSG00000100104.13,SRRD,15
ENSG00000100138.15,SNU13,10
ENSG00000100201.23,DDX17,13
ENSG00000100219.17,XBP1,3
ENSG00000100239.16,PPP6R2,12
ENSG00000100294.13,MCAT,4
ENSG00000100296.14,THOC5,4
ENSG00000100335.15,MIEF1,13
ENSG00000100345.23,MYH9,13
ENSG00000100348.10,TXN2,13
ENSG00000100350.16,FOXRED2,1
ENSG00000100354.21,TNRC6B,13
ENSG00000100364.19,KIAA0930,11
ENSG00000100372.15,SLC25A17,3
ENSG00000100380.15,ST13,5
ENSG00000100401.20,RANGAP1,14
ENSG00000100410.8,PHF5A,13
ENSG00000100519.12,PSMC6,3
ENSG00000100522.10,GNPNAT1,9
ENSG00000100528.12,CNIH1,13
ENSG00000100664.11,EIF5,13
ENSG00000100722.20,ZC3H14,14
ENSG00000100796.18,PPP4R3A,1
ENSG00000100811.14,YY1,13
ENSG00000100813.15,ACIN1,12
ENSG00000100836.11,PABPN1,13
ENSG00000100852.14,ARHGAP5,1
ENSG00000100888.15,CHD8,12
ENSG00000100890.16,PRORP,12
ENSG00000100897.18,DCAF11,4
ENSG00000100934.15,SEC23A,13
ENSG00000100941.9,PNN,1
ENSG00000101019.22,UQCC1,12
ENSG00000101040.20,ZMYND8,9
ENSG00000101079.21,NDRG3,2
ENSG00000101109.12,STK4,1
ENSG00000101138.12,CSTF1,2
ENSG00000101150.18,TPD52L2,13
ENSG00000101166.16,PRELID3B,2
ENSG00000101191.17,DIDO1,9
ENSG00000101193.8,GID8,3
ENSG00000101236.17,RNF24,9
ENSG00000101246.20,ARFRP1,12
ENSG00000101266.19,CSNK2A1,13
ENSG00000101310.17,SEC23B,11
ENSG00000101337.16,TM9SF4,13
ENSG00000101346.14,POFUT1,14
ENSG00000101367.9,MAPRE1,18
ENSG00000101421.4,CHMP4B,1
ENSG00000101557.15,USP14,3
ENSG00000101811.14,CSTF2,3
ENSG00000101843.19,PSMD10,12
ENSG00000101856.10,PGRMC1,18
ENSG00000101935.12,AMMECR1,13
ENSG00000101966.13,XIAP,9
ENSG00000102144.15,PGK1,4
ENSG00000102158.22,MAGT1,12
ENSG00000102178.13,UBL4A,3
ENSG00000102317.18,RBM3,12
ENSG00000102362.16,SYTL4,9
ENSG00000102401.20,ARMCX3,9
ENSG00000102471.15,NDFIP2,2
ENSG00000102572.15,STK24,1
ENSG00000102580.15,DNAJC3,9
ENSG00000102606.19,ARHGEF7,3
ENSG00000102743.15,SLC25A15,13
ENSG00000102753.10,KPNA3,1
ENSG00000102893.16,PHKB,6
ENSG00000102908.22,NFAT5,9
ENSG00000102931.8,ARL2BP,9
ENSG00000102978.13,POLR2C,1
ENSG00000103018.18,CYB5B,3
ENSG00000103035.11,PSMD7,9
ENSG00000103037.12,SETD6,4
ENSG00000103111.15,MON1B,13
ENSG00000103249.18,CLCN7,13
ENSG00000103260.9,METRN,15
ENSG00000103342.13,GSPT1,12
ENSG00000103415.12,HMOX2,9
ENSG00000103485.19,QPRT,7
ENSG00000103550.14,KNOP1,4
ENSG00000103591.13,AAGAB,13
ENSG00000103653.17,CSK,9
ENSG00000103769.10,RAB11A,2
ENSG00000103994.18,ZNF106,13
ENSG00000104231.11,ZFAND1,12
ENSG00000104312.8,RIPK2,1
ENSG00000104331.9,BPNT2,2
ENSG00000104341.17,LAPTM4B,1
ENSG00000104388.15,RAB2A,3
ENSG00000104442.10,ARMC1,1
ENSG00000104472.10,CHRAC1,13
ENSG00000104517.13,UBR5,13
ENSG00000104524.14,PYCR3,4
ENSG00000104671.8,DCTN6,9
ENSG00000104687.14,GSR,3
ENSG00000104689.10,TNFRSF10A,2
ENSG00000104691.16,UBXN8,1
ENSG00000104738.18,MCM4,9
ENSG00000104756.16,KCTD9,13
ENSG00000104774.13,MAN2B1,6
ENSG00000104805.16,NUCB1,11
ENSG00000104824.18,HNRNPL,13
ENSG00000104885.19,DOT1L,2
ENSG00000105053.11,VRK3,13
ENSG00000105063.19,PPP6R1,13
ENSG00000105197.11,TIMM50,4
ENSG00000105220.17,GPI,2
ENSG00000105246.6,EBI3,13
ENSG00000105323.18,HNRNPUL1,1
ENSG00000105355.9,PLIN3,12
ENSG00000105438.9,KDELR1,9
ENSG00000105568.18,PPP2R1A,4
ENSG00000105576.16,TNPO2,13
ENSG00000105793.16,GTPBP10,14
ENSG00000105810.10,CDK6,9
ENSG00000105835.13,"NAMPT",11
ENSG00000105849.6,POLR1F,3
ENSG00000105879.12,CBLL1,3
ENSG00000105887.11,MTPN,13
ENSG00000105939.14,ZC3HAV1,9
ENSG00000105968.19,H2AZ2,13
ENSG00000106070.20,GRB10,3
ENSG00000106080.11,FKBP14,13
ENSG00000106261.17,ZKSCAN1,13
ENSG00000106266.11,SNX8,3
ENSG00000106344.8,RBM28,14
ENSG00000106355.10,LSM5,8
ENSG00000106392.11,C1GALT1,13
ENSG00000106609.16,TMEM248,2
ENSG00000106636.9,YKT6,3
ENSG00000106799.13,TGFBR1,18
ENSG00000107290.14,SETX,1
ENSG00000107341.5,UBE2R2,12
ENSG00000107372.13,ZFAND5,13
ENSG00000107581.13,EIF3A,3
ENSG00000107625.14,DDX50,11
ENSG00000108064.11,TFAM,2
ENSG00000108094.17,CUL2,12
ENSG00000108100.18,CCNY,2
ENSG00000108179.14,PPIF,14
ENSG00000108219.15,TSPAN14,3
ENSG00000108256.9,NUFIP2,13
ENSG00000108312.15,UBTF,13
ENSG00000108384.15,RAD51C,11
ENSG00000108423.15,TUBD1,13
ENSG00000108439.11,PNPO,12
ENSG00000108510.10,MED13,2
ENSG00000108587.16,GOSR1,14
ENSG00000108588.15,CCDC47,1
ENSG00000108591.10,DRG2,12
ENSG00000108671.11,PSMD11,13
ENSG00000108953.17,YWHAE,19
ENSG00000109046.15,WSB1,13
ENSG00000109084.14,TMEM97,12
ENSG00000109099.16,PMP22,13
ENSG00000109133.13,TMEM33,1
ENSG00000109171.15,SLAIN2,9
ENSG00000109180.15,OCIAD1,12
ENSG00000109332.20,UBE2D3,7
ENSG00000109381.21,ELF2,12
ENSG00000109445.11,ZNF330,13
ENSG00000109519.13,GRPEL1,1
ENSG00000109572.15,CLCN3,13
ENSG00000109586.12,GALNT7,13
ENSG00000109917.11,ZPR1,13
ENSG00000110025.13,SNX15,12
ENSG00000110066.15,KMT5B,13
ENSG00000110172.12,CHORDC1,13
ENSG00000110200.9,ANAPC15,13
ENSG00000110315.7,RNF141,3
ENSG00000110344.10,UBE4A,13
ENSG00000110367.14,DDX6,13
ENSG00000110660.15,SLC35F2,12
ENSG00000110696.10,C11orf58,11
ENSG00000110721.12,CHKA,3
ENSG00000110880.11,CORO1C,2
ENSG00000110931.19,CAMKK2,13
ENSG00000110958.16,PTGES3,19
ENSG00000110987.9,BCL7A,13
ENSG00000111011.18,RSRC2,3
ENSG00000111142.14,METAP2,2
ENSG00000111247.15,RAD51AP1,9
ENSG00000111276.12,CDKN1B,12
ENSG00000111358.14,GTF2H3,14
ENSG00000111364.16,DDX55,13
ENSG00000111371.16,SLC38A1,13
ENSG00000111412.6,SPRING1,3
ENSG00000111481.10,COPZ1,1
ENSG00000111530.13,CAND1,2
ENSG00000111596.14,CNOT2,13
ENSG00000111605.18,CPSF6,1
ENSG00000111615.14,KRR1,9
ENSG00000111725.11,PRKAB1,9
ENSG00000111737.12,RAB35,2
ENSG00000111790.14,FGFR1OP2,1
ENSG00000111843.14,TMEM14C,12
ENSG00000111875.8,ASF1A,1
ENSG00000111885.7,MAN1A1,1
ENSG00000111897.7,SERINC1,12
ENSG00000112031.16,MTRF1L,13
ENSG00000112062.11,MAPK14,13
ENSG00000112077.18,RHAG,13
ENSG00000112078.14,KCTD20,9
ENSG00000112081.17,SRSF3,3
ENSG00000112146.17,FBXO9,13
ENSG00000112200.17,ZNF451,1
ENSG00000112208.11,BAG2,1
ENSG00000112237.13,CCNC,12
ENSG00000112249.14,ASCC3,13
ENSG00000112308.13,C6orf62,1
ENSG00000112339.15,HBS1L,4
ENSG00000112419.15,PHACTR2,9
ENSG00000112531.17,QKI,1
ENSG00000112651.12,MRPL2,13
ENSG00000112697.17,TMEM30A,1
ENSG00000112701.18,SENP6,13
ENSG00000112851.15,ERBIN,1
ENSG00000112972.15,HMGCS1,1
ENSG00000112992.18,NNT,3
ENSG00000112996.11,MRPS30,9
ENSG00000113068.10,PFDN1,10
ENSG00000113161.17,HMGCR,1
ENSG00000113194.13,FAF2,13
ENSG00000113272.14,THG1L,12
ENSG00000113282.14,CLINT1,13
ENSG00000113300.13,CNOT6,1
ENSG00000113318.11,MSH3,14
ENSG00000113368.12,LMNB1,1
ENSG00000113460.13,BRIX1,14
ENSG00000113569.16,NUP155,1
ENSG00000113575.10,PPP2CA,1
ENSG00000113643.9,RARS1,13
ENSG00000113648.17,MACROH2A1,9
ENSG00000113712.19,CSNK1A1,1
ENSG00000113742.14,CPEB4,13
ENSG00000113758.14,DBN1,13
ENSG00000113810.16,SMC4,1
ENSG00000113811.12,SELENOK,13
ENSG00000114030.13,KPNA1,13
ENSG00000114062.22,UBE3A,9
ENSG00000114098.18,ARMC8,3
ENSG00000114120.14,SLC25A36,9
ENSG00000114126.18,TFDP2,1
ENSG00000114316.13,USP4,9
ENSG00000114353.17,GNAI2,12
ENSG00000114416.18,FXR1,1
ENSG00000114439.19,BBX,12
ENSG00000114450.11,GNB4,13
ENSG00000114520.11,SNX4,1
ENSG00000114738.11,MAPKAPK3,12
ENSG00000114744.9,COMMD2,12
ENSG00000114796.16,KLHL24,13
ENSG00000114857.19,NKTR,13
ENSG00000114978.18,MOB1A,2
ENSG00000115091.12,ACTR3,12
ENSG00000115233.12,PSMD14,3
ENSG00000115306.16,SPTBN1,12
ENSG00000115310.19,RTN4,14
ENSG00000115392.12,FANCL,13
ENSG00000115419.13,GLS,9
ENSG00000115486.13,GGCX,9
ENSG00000115514.12,TXNDC9,3
ENSG00000115540.15,MOB4,14
ENSG00000115561.16,CHMP3,1
ENSG00000115806.13,GORASP2,3
ENSG00000115866.11,DARS1,9
ENSG00000115942.9,ORC2,13
ENSG00000115946.8,PNO1,13
ENSG00000115947.14,ORC4,2
ENSG00000115966.18,ATF2,9
ENSG00000116001.17,TIA1,13
ENSG00000116005.12,PCYOX1,13
ENSG00000116017.11,ARID3A,3
ENSG00000116171.19,SCP2,3
ENSG00000116198.14,CEP104,14
ENSG00000116209.12,TMEM59,16
ENSG00000116251.11,RPL22,16
ENSG00000116455.14,WDR77,13
ENSG00000116459.11,ATP5PB,19
ENSG00000116473.15,RAP1A,13
ENSG00000116580.20,GON4L,14
ENSG00000116663.11,FBXO6,6
ENSG00000116679.16,IVNS1ABP,12
ENSG00000116685.16,KIAA2013,2
ENSG00000116750.14,UCHL5,1
ENSG00000116754.14,SRSF11,12
ENSG00000116857.17,TMEM9,1
ENSG00000116918.15,TSNAX,9
ENSG00000116922.15,C1orf109,13
ENSG00000116984.15,MTR,12
ENSG00000117155.17,SSX2IP,1
ENSG00000117280.13,RAB29,9
ENSG00000117394.24,SLC2A1,9
ENSG00000117481.11,NSUN4,13
ENSG00000117505.13,DR1,14
ENSG00000117543.22,DPH5,13
ENSG00000117592.9,PRDX6,16
ENSG00000117597.18,UTP25,13
ENSG00000117614.10,SYF2,3
ENSG00000117620.15,SLC35A3,9
ENSG00000117640.18,MTFR1L,1
ENSG00000117691.10,NENF,9
ENSG00000117713.21,ARID1A,1
ENSG00000117724.14,CENPF,9
ENSG00000117868.18,ESYT2,13
ENSG00000117877.11,POLR1G,13
ENSG00000117906.14,RCN2,9
ENSG00000118046.17,STK11,8
ENSG00000118058.24,KMT2A,1
ENSG00000118246.14,FASTKD2,14
ENSG00000118260.15,CREB1,13
ENSG00000118363.13,SPCS2,16
ENSG00000118418.14,HMGN3,3
ENSG00000118482.12,PHF3,13
ENSG00000118513.20,MYB,9
ENSG00000118579.13,MED28,13
ENSG00000118620.13,ZNF430,12
ENSG00000118689.15,FOXO3,9
ENSG00000118707.11,TGIF2,9
ENSG00000118816.11,CCNI,1
ENSG00000118855.21,MFSD1,9
ENSG00000118873.17,RAB3GAP2,1
ENSG00000118971.9,CCND2,2
ENSG00000119004.17,CYP20A1,11
ENSG00000119041.11,GTF3C3,1
ENSG00000119231.11,SENP5,1
ENSG00000119285.11,HEATR1,14
ENSG00000119314.16,PTBP3,2
ENSG00000119335.18,SET,10
ENSG00000119396.11,RAB14,1
ENSG00000119414.12,PPP6C,3
ENSG00000119446.14,RBM18,1
ENSG00000119471.15,HSDL2,1
ENSG00000119487.17,MAPKAP1,2
ENSG00000119661.15,DNAL1,9
ENSG00000119707.14,RBM25,13
ENSG00000119772.19,DNMT3A,13
ENSG00000119787.14,ATL2,13
ENSG00000119820.11,YIPF4,13
ENSG00000119906.13,SLF2,9
ENSG00000119912.18,IDE,4
ENSG00000119953.14,SMNDC1,1
ENSG00000120053.12,GOT1,1
ENSG00000120137.7,PANK3,1
ENSG00000120253.14,NUP43,3
ENSG00000120334.16,CENPL,14
ENSG00000120526.12,NUDCD1,1
ENSG00000120539.15,MASTL,13
ENSG00000120616.16,EPC1,9
ENSG00000120656.14,TAF12,12
ENSG00000120686.12,UFM1,10
ENSG00000120690.16,ELF1,13
ENSG00000120705.13,ETF1,1
ENSG00000120727.13,PAIP2,7
ENSG00000120738.8,EGR1,13
ENSG00000120742.11,SERP1,7
ENSG00000120802.14,TMPO,18
ENSG00000120805.14,ARL1,1
ENSG00000120833.14,SOCS2,13
ENSG00000120837.8,NFYB,13
ENSG00000120992.18,LYPLA1,9
ENSG00000121067.19,SPOP,9
ENSG00000121152.10,NCAPH,4
ENSG00000121481.11,RNF2,2
ENSG00000121486.12,TRMT1L,1
ENSG00000121579.14,"NAA50",3
ENSG00000121644.19,DESI2,9
ENSG00000121766.16,ZCCHC17,13
ENSG00000121851.13,POLR3GL,12
ENSG00000121864.10,ZNF639,14
ENSG00000121892.15,PDS5A,1
ENSG00000122068.13,FYTTD1,1
ENSG00000122203.15,KIAA1191,13
ENSG00000122218.16,COPA,12
ENSG00000122378.14,PRXL2A,9
ENSG00000122417.15,ODF2L,9
ENSG00000122435.11,TRMT13,9
ENSG00000122484.9,RPAP2,17
ENSG00000122545.21,SEPTIN7,1
ENSG00000122565.19,CBX3,7
ENSG00000122643.23,NT5C3A,9
ENSG00000122692.9,SMU1,13
ENSG00000122779.18,TRIM24,13
ENSG00000122873.12,CISD1,13
ENSG00000122958.15,VPS26A,12
ENSG00000123066.9,MED13L,13
ENSG00000123200.17,ZC3H13,2
ENSG00000123219.13,CENPK,9
ENSG00000123353.10,ORMDL2,14
ENSG00000123374.11,CDK2,13
ENSG00000123505.19,AMD1,13
ENSG00000123684.13,LPGAT1,9
ENSG00000123739.11,PLA2G12A,14
ENSG00000123908.12,AGO2,13
ENSG00000123933.17,MXD4,3
ENSG00000123983.15,ACSL3,2
ENSG00000123992.20,DNPEP,4
ENSG00000124098.10,FAM210B,10
ENSG00000124151.19,NCOA3,13
ENSG00000124164.16,VAPB,12
ENSG00000124172.10,ATP5F1E,9
ENSG00000124222.22,STX16,13
ENSG00000124226.11,RNF114,10
ENSG00000124357.13,"NAGK",9
ENSG00000124444.16,ZNF576,4
ENSG00000124486.14,USP9X,13
ENSG00000124532.15,MRS2,9
ENSG00000124571.18,XPO5,10
ENSG00000124659.7,TBCC,9
ENSG00000124766.7,SOX4,13
ENSG00000124767.7,GLO1,1
ENSG00000124782.21,RREB1,1
ENSG00000124789.12,NUP153,13
ENSG00000125107.19,CNOT1,14
ENSG00000125257.16,ABCC4,12
ENSG00000125304.10,TM9SF2,1
ENSG00000125354.24,SEPTIN6,9
ENSG00000125484.12,GTF3C4,1
ENSG00000125629.16,INSIG2,14
ENSG00000125630.16,POLR1B,9
ENSG00000125651.14,GTF2F1,6
ENSG00000125676.20,THOC2,9
ENSG00000125753.14,VASP,1
ENSG00000125821.13,DTD1,15
ENSG00000125868.16,DSTN,1
ENSG00000125885.13,MCM8,13
ENSG00000126003.7,PLAGL2,13
ENSG00000126070.20,AGO3,13
ENSG00000126091.21,ST3GAL3,12
ENSG00000126261.13,UBA2,12
ENSG00000126522.17,ASL,14
ENSG00000126581.13,BECN1,13
ENSG00000126653.18,NSRP1,13
ENSG00000126882.13,FAM78A,9
ENSG00000126883.18,NUP214,6
ENSG00000126953.8,TIMM8A,3
ENSG00000127022.16,CANX,9
ENSG00000127314.18,RAP1B,7
ENSG00000127463.16,EMC1,9
ENSG00000127511.10,SIN3B,13
ENSG00000127526.15,SLC35E1,9
ENSG00000127554.13,GFER,6
ENSG00000127603.32,MACF1,9
ENSG00000127884.5,ECHS1,19
ENSG00000127947.16,PTPN12,13
ENSG00000128050.9,PAICS,3
ENSG00000128059.8,PPAT,1
ENSG00000128581.17,IFT22,17
ENSG00000128595.17,CALU,1
ENSG00000128607.14,KLHDC10,2
ENSG00000128609.16,NDUFA5,7
ENSG00000128699.14,ORMDL1,17
ENSG00000128731.18,HERC2,2
ENSG00000128791.12,TWSG1,2
ENSG00000128805.15,ARHGAP22,12
ENSG00000128915.12,ICE2,9
ENSG00000128923.11,MINDY2,9
ENSG00000128944.14,KNSTRN,4
ENSG00000128989.11,ARPP19,5
ENSG00000129071.10,MBD4,14
ENSG00000129103.19,SUMF2,13
ENSG00000129128.13,SPCS3,2
ENSG00000129187.15,DCTD,1
ENSG00000129351.17,ILF3,12
ENSG00000129493.15,HEATR5A,13
ENSG00000129515.20,SNX6,12
ENSG00000129625.13,REEP5,3
ENSG00000129636.13,ITFG1,13
ENSG00000129657.16,SEC14L1,12
ENSG00000129810.15,SGO1,9
ENSG00000129993.15,CBFA2T3,1
ENSG00000130164.14,LDLR,9
ENSG00000130227.17,XPO7,13
ENSG00000130294.18,KIF1A,4
ENSG00000130340.17,SNX9,13
ENSG00000130402.13,ACTN4,1
ENSG00000130669.17,PAK4,11
ENSG00000130713.17,EXOSC2,13
ENSG00000130741.11,EIF2S3,7
ENSG00000130810.20,PPAN,14
ENSG00000130818.12,ZNF426,9
ENSG00000130826.18,DKC1,9
ENSG00000130921.9,MTRFR,9
ENSG00000130939.20,UBE4B,1
ENSG00000131051.24,RBM39,8
ENSG00000131149.19,GSE1,1
ENSG00000131153.9,GINS2,13
ENSG00000131171.13,SH3BGRL,13
ENSG00000131236.18,CAP1,9
ENSG00000131370.16,SH3BP5,13
ENSG00000131467.12,PSME3,13
ENSG00000131470.15,PSMC3IP,12
ENSG00000131482.10,G6PC1,13
ENSG00000131504.18,DIAPH1,13
ENSG00000131507.11,NDFIP1,3
ENSG00000131653.13,TRAF7,10
ENSG00000131669.10,NINJ1,9
ENSG00000131711.15,MAP1B,9
ENSG00000131732.12,ZCCHC9,9
ENSG00000131844.17,MCCC2,2
ENSG00000131944.10,FAAP24,11
ENSG00000132002.9,DNAJB1,1
ENSG00000132254.13,ARFIP2,14
ENSG00000132300.19,PTCD3,4
ENSG00000132388.13,UBE2G1,2
ENSG00000132424.17,PNISR,2
ENSG00000132463.15,GRSF1,1
ENSG00000132466.20,ANKRD17,9
ENSG00000132467.4,UTP3,1
ENSG00000132475.10,H3-3B,7
ENSG00000132581.10,SDF2,9
ENSG00000132603.15,NIP7,3
ENSG00000132604.11,TERF2,12
ENSG00000132670.21,PTPRA,13
ENSG00000132823.11,OSER1,13
ENSG00000132906.18,CASP9,14
ENSG00000133028.12,SCO1,1
ENSG00000133112.17,TPT1,17
ENSG00000133193.13,FAM104A,3
ENSG00000133226.18,SRRM1,13
ENSG00000133250.14,ZNF414,17
ENSG00000133313.15,CNDP2,9
ENSG00000133318.14,RTN3,13
ENSG00000133393.13,CEP20,1
ENSG00000133460.20,SLC2A11,12
ENSG00000133606.11,MKRN1,1
ENSG00000133639.6,BTG1,1
ENSG00000133657.17,ATP13A3,9
ENSG00000133703.14,KRAS,9
ENSG00000133706.19,LARS1,4
ENSG00000133818.14,RRAS2,13
ENSG00000134049.6,IER3IP1,7
ENSG00000134077.16,THUMPD3,13
ENSG00000134086.8,VHL,3
ENSG00000134107.5,BHLHE40,1
ENSG00000134108.14,ARL8B,7
ENSG00000134152.11,KATNBL1,13
ENSG00000134186.12,PRPF38B,1
ENSG00000134287.10,ARF3,8
ENSG00000134291.12,TMEM106C,1
ENSG00000134294.14,SLC38A2,1
ENSG00000134308.14,YWHAQ,5
ENSG00000134318.15,ROCK2,13
ENSG00000134333.14,LDHA,1
ENSG00000134375.11,TIMM17A,3
ENSG00000134440.12,"NARS1",13
ENSG00000134453.16,RBM17,8
ENSG00000134461.16,ANKRD16,13
ENSG00000134602.16,STK26,13
ENSG00000134644.16,PUM1,13
ENSG00000134717.18,BTF3L4,10
ENSG00000134748.13,PRPF38A,3
ENSG00000134758.14,RNF138,18
ENSG00000134759.14,ELP2,11
ENSG00000134897.14,BIVM,9
ENSG00000134900.12,TPP2,1
ENSG00000134970.14,TMED7,1
ENSG00000134987.13,WDR36,1
ENSG00000134996.12,OSTF1,13
ENSG00000135018.14,UBQLN1,2
ENSG00000135040.16,"NAA35",2
ENSG00000135045.7,C9orf40,13
ENSG00000135070.15,ISCA1,1
ENSG00000135245.10,HILPDA,9
ENSG00000135249.8,RINT1,11
ENSG00000135297.17,MTO1,11
ENSG00000135316.19,SYNCRIP,2
ENSG00000135334.9,AKIRIN2,1
ENSG00000135341.18,MAP3K7,1
ENSG00000135387.21,CAPRIN1,1
ENSG00000135457.11,TFCP2,1
ENSG00000135486.19,HNRNPA1,15
ENSG00000135549.15,PKIB,12
ENSG00000135679.27,MDM2,9
ENSG00000135720.13,DYNC1LI2,1
ENSG00000135763.10,URB2,1
ENSG00000135776.5,ABCB10,1
ENSG00000135778.12,NTPCR,3
ENSG00000135821.19,GLUL,7
ENSG00000135829.17,DHX9,13
ENSG00000135837.16,CEP350,13
ENSG00000135838.14,NPL,6
ENSG00000135900.4,MRPL44,2
ENSG00000135930.15,EIF4E2,13
ENSG00000135940.7,COX5B,9
ENSG00000135966.13,TGFBRAP1,13
ENSG00000135974.10,C2orf49,14
ENSG00000136045.12,PWP1,3
ENSG00000136108.15,CKAP2,1
ENSG00000136231.14,IGF2BP3,13
ENSG00000136238.18,RAC1,3
ENSG00000136261.16,BZW2,9
ENSG00000136279.21,DBNL,4
ENSG00000136381.13,IREB2,2
ENSG00000136436.15,CALCOCO2,9
ENSG00000136504.13,KAT7,17
ENSG00000136521.13,NDUFB5,1
ENSG00000136522.14,MRPL47,14
ENSG00000136527.19,TRA2B,10
ENSG00000136536.15,MARCHF7,12
ENSG00000136636.13,KCTD3,13
ENSG00000136709.12,WDR33,14
ENSG00000136718.10,IMP4,10
ENSG00000136731.13,UGGT1,3
ENSG00000136754.18,ABI1,9
ENSG00000136758.20,YME1L1,1
ENSG00000136807.14,CDK9,9
ENSG00000136819.15,C9orf78,1
ENSG00000136827.12,TOR1A,2
ENSG00000136842.14,TMOD1,12
ENSG00000136868.11,SLC31A1,13
ENSG00000136874.11,STX17,13
ENSG00000136888.8,ATP6V1G1,3
ENSG00000136929.13,HEMGN,13
ENSG00000136932.15,TRMO,4
ENSG00000136936.11,XPA,1
ENSG00000136937.13,NCBP1,9
ENSG00000136938.9,ANP32B,4
ENSG00000136950.13,ARPC5L,3
ENSG00000136986.10,DERL1,3
ENSG00000137038.8,DMAC1,13
ENSG00000137076.21,TLN1,6
ENSG00000137124.8,ALDH1B1,13
ENSG00000137331.12,IER3,9
ENSG00000137364.5,TPMT,13
ENSG00000137486.17,ARRB1,12
ENSG00000137500.10,CCDC90B,17
ENSG00000137504.15,CREBZF,9
ENSG00000137575.12,SDCBP,13
ENSG00000137714.3,FDX1,3
ENSG00000137776.17,SLTM,13
ENSG00000137814.12,HAUS2,11
ENSG00000137876.11,RSL24D1,1
ENSG00000137947.12,GTF2B,12
ENSG00000137992.15,DBT,1
ENSG00000137996.13,RTCA,3
ENSG00000138029.14,HADHB,3
ENSG00000138032.21,PPM1B,6
ENSG00000138035.15,PNPT1,4
ENSG00000138071.15,ACTR2,1
ENSG00000138092.11,CENPO,12
ENSG00000138095.20,LRPPRC,1
ENSG00000138160.7,KIF11,1
ENSG00000138279.16,ANXA7,13
ENSG00000138398.17,PPIG,2
ENSG00000138430.16,OLA1,12
ENSG00000138433.16,CIR1,9
ENSG00000138449.11,SLC40A1,1
ENSG00000138600.10,SPPL2A,14
ENSG00000138674.17,SEC31A,9
ENSG00000138685.17,FGF2,9
ENSG00000138744.16,"NAAA",9
ENSG00000138750.15,NUP54,13
ENSG00000138756.19,BMP2K,9
ENSG00000138757.15,G3BP2,9
ENSG00000138768.15,USO1,13
ENSG00000138777.20,PPA2,15
ENSG00000138795.10,LEF1,12
ENSG00000139146.14,SINHCAF,9
ENSG00000139163.16,ETNK1,1
ENSG00000139233.7,LLPH,1
ENSG00000139291.14,TMEM19,11
ENSG00000139372.15,TDG,13
ENSG00000139613.12,SMARCC2,13
ENSG00000139629.16,GALNT6,13
ENSG00000139644.13,TMBIM6,5
ENSG00000139668.9,WDFY2,9
ENSG00000139697.14,SBNO1,2
ENSG00000139726.11,DENR,1
ENSG00000139734.19,DIAPH3,1
ENSG00000139746.16,RBM26,13
ENSG00000139842.15,CUL4A,2
ENSG00000139921.13,TMX1,1
ENSG00000140025.16,EFCAB11,17
ENSG00000140105.18,WARS1,13
ENSG00000140157.16,NIPA2,1
ENSG00000140263.15,SORD,13
ENSG00000140299.13,BNIP2,3
ENSG00000140350.15,ANP32A,12
ENSG00000140391.15,TSPAN3,4
ENSG00000140395.9,WDR61,12
ENSG00000140497.16,SCAMP2,12
ENSG00000140525.19,FANCI,1
ENSG00000140575.13,IQGAP1,9
ENSG00000140740.11,UQCRC2,14
ENSG00000140905.11,GCSH,1
ENSG00000140941.14,MAP1LC3B,3
ENSG00000140992.19,PDPK1,9
ENSG00000141027.22,NCOR1,9
ENSG00000141034.10,GID4,13
ENSG00000141367.12,CLTC,13
ENSG00000141380.14,SS18,1
ENSG00000141429.14,GALNT1,12
ENSG00000141582.15,CBX4,12
ENSG00000141696.13,P3H4,13
ENSG00000141858.12,SAMD1,13
ENSG00000141867.19,BRD4,2
ENSG00000141905.19,NFIC,4
ENSG00000142166.13,IFNAR1,13
ENSG00000142405.22,NLRP12,12
ENSG00000142409.6,ZNF787,11
ENSG00000142453.12,CARM1,13
ENSG00000142541.18,RPL13A,17
ENSG00000142634.13,EFHD2,13
ENSG00000142657.21,PGD,1
ENSG00000142687.18,KIAA0319L,13
ENSG00000142751.15,GPN2,11
ENSG00000142864.15,SERBP1,9
ENSG00000142892.15,PIGK,1
ENSG00000142949.17,PTPRF,13
ENSG00000143013.13,LMO4,1
ENSG00000143033.18,MTF2,13
ENSG00000143164.16,DCAF6,13
ENSG00000143178.13,TBX19,13
ENSG00000143179.16,UCK2,3
ENSG00000143190.23,POU2F1,9
ENSG00000143207.21,COP1,12
ENSG00000143319.17,ISG20L2,9
ENSG00000143321.19,HDGF,1
ENSG00000143337.19,TOR1AIP1,3
ENSG00000143374.18,TARS2,12
ENSG00000143376.14,SNX27,9
ENSG00000143401.15,ANP32E,2
ENSG00000143409.17,MINDY1,13
ENSG00000143442.22,POGZ,13
ENSG00000143498.18,TAF1A,13
ENSG00000143549.21,TPM3,19
ENSG00000143569.19,UBAP2L,9
ENSG00000143633.13,C1orf131,9
ENSG00000143641.10,GALNT2,7
ENSG00000143653.10,SCCPDH,13
ENSG00000143702.16,CEP170,13
ENSG00000143751.10,SDE2,1
ENSG00000143753.13,DEGS1,1
ENSG00000143756.12,FBXO28,2
ENSG00000143761.16,ARF1,19
ENSG00000143811.20,PYCR2,12
ENSG00000143870.13,PDIA6,1
ENSG00000143889.16,HNRNPLL,11
ENSG00000144021.3,CIAO1,4
ENSG00000144043.12,TEX261,9
ENSG00000144120.13,TMEM177,9
ENSG00000144161.14,ZC3H8,14
ENSG00000144199.12,FAHD2B,6
ENSG00000144224.17,UBXN4,3
ENSG00000144231.11,POLR2D,1
ENSG00000144366.16,GULP1,13
ENSG00000144560.16,VGLL4,9
ENSG00000144566.11,RAB5A,1
ENSG00000144567.11,RETREG2,13
ENSG00000144635.9,DYNC1LI1,8
ENSG00000144744.17,UBA3,1
ENSG00000144746.7,ARL6IP5,13
ENSG00000145248.7,SLC10A4,3
ENSG00000145283.8,SLC10A6,9
ENSG00000145287.11,PLAC8,13
ENSG00000145332.14,KLHL8,9
ENSG00000145337.5,PYURF,12
ENSG00000145386.11,CCNA2,14
ENSG00000145495.16,MARCHF6,5
ENSG00000145725.20,PPIP5K2,13
ENSG00000145740.20,SLC30A5,13
ENSG00000145779.8,TNFAIP8,13
ENSG00000145782.13,ATG12,12
ENSG00000145919.11,BOD1,13
ENSG00000146007.11,ZMAT2,13
ENSG00000146223.16,RPL7L1,1
ENSG00000146247.14,PHIP,9
ENSG00000146433.10,TMEM181,13
ENSG00000146463.12,ZMYM4,2
ENSG00000146731.11,CCT6A,3
ENSG00000146842.17,TMEM209,13
ENSG00000146963.18,LUC7L2,1
ENSG00000147162.14,OGT,13
ENSG00000147316.15,MCPH1,9
ENSG00000147324.11,MFHAS1,9
ENSG00000147454.14,SLC25A37,9
ENSG00000147526.20,TACC1,9
ENSG00000147533.18,GOLGA7,1
ENSG00000147536.12,GINS4,1
ENSG00000147654.15,EBAG9,3
ENSG00000147669.11,POLR2K,8
ENSG00000147689.17,FAM83A,13
ENSG00000147874.11,HAUS6,1
ENSG00000148153.14,INIP,13
ENSG00000148154.10,UGCG,9
ENSG00000148187.18,MRRF,3
ENSG00000148248.14,SURF4,3
ENSG00000148296.7,SURF6,15
ENSG00000148297.16,MED22,4
ENSG00000148484.18,RSU1,6
ENSG00000148672.10,GLUD1,1
ENSG00000148700.15,ADD3,13
ENSG00000148730.7,EIF4EBP2,1
ENSG00000148773.14,MKI67,13
ENSG00000148943.12,LIN7C,1
ENSG00000148985.20,PGAP2,13
ENSG00000149084.13,HSD17B12,12
ENSG00000149187.19,CELF1,13
ENSG00000149311.20,ATM,13
ENSG00000149313.11,AASDHPPT,14
ENSG00000149428.20,HYOU1,12
ENSG00000149485.19,FADS1,13
ENSG00000149516.14,MS4A3,3
ENSG00000149547.15,EI24,14
ENSG00000149557.14,FEZ1,14
ENSG00000149658.18,YTHDF1,2
ENSG00000149809.17,TM7SF2,6
ENSG00000150593.18,PDCD4,9
ENSG00000150764.14,DIXDC1,9
ENSG00000150768.17,DLAT,1
ENSG00000150867.14,PIP4K2A,1
ENSG00000150977.11,RILPL2,13
ENSG00000151092.18,NGLY1,1
ENSG00000151148.14,UBE3B,13
ENSG00000151247.13,EIF4E,1
ENSG00000151465.14,CDC123,12
ENSG00000151502.11,VPS26B,10
ENSG00000151694.14,ADAM17,13
ENSG00000151718.16,WWC2,1
ENSG00000151746.15,BICD1,12
ENSG00000151806.14,GUF1,14
ENSG00000151881.15,TMEM267,11
ENSG00000152061.24,RABGAP1L,13
ENSG00000152102.18,FAM168B,1
ENSG00000152133.16,GPATCH11,12
ENSG00000152147.11,GEMIN6,10
ENSG00000152219.5,ARL14EP,14
ENSG00000152291.15,TGOLN2,13
ENSG00000152332.16,UHMK1,9
ENSG00000152413.15,HOMER1,12
ENSG00000152455.16,SUV39H2,4
ENSG00000152518.8,ZFP36L2,13
ENSG00000152558.15,TMEM123,2
ENSG00000152601.18,MBNL1,13
ENSG00000152620.13,"NADK2",3
ENSG00000152683.14,SLC30A6,1
ENSG00000152700.14,SAR1B,14
ENSG00000152804.11,HHEX,13
ENSG00000152952.12,PLOD2,13
ENSG00000153006.16,SREK1IP1,9
ENSG00000153029.16,MR1,13
ENSG00000153037.15,SRP19,6
ENSG00000153044.10,CENPH,3
ENSG00000153130.18,SCOC,13
ENSG00000153147.6,SMARCA5,2
ENSG00000153201.16,RANBP2,1
ENSG00000153317.15,ASAP1,9
ENSG00000153391.16,INO80C,13
ENSG00000153487.13,ING1,1
ENSG00000153561.13,RMND5A,2
ENSG00000153574.9,RPIA,1
ENSG00000153815.18,CMIP,13
ENSG00000153827.14,TRIP12,2
ENSG00000153879.9,CEBPG,8
ENSG00000153936.18,HS2ST1,9
ENSG00000153944.12,MSI2,9
ENSG00000153989.8,NUS1,2
ENSG00000154001.14,PPP2R5E,13
ENSG00000154174.8,TOMM70,1
ENSG00000154310.17,TNIK,9
ENSG00000154839.10,SKA1,13
ENSG00000154945.7,ANKRD40,1
ENSG00000155008.16,APOOL,13
ENSG00000155096.15,AZIN1,2
ENSG00000155097.12,ATP6V1C1,2
ENSG00000155189.12,AGPAT5,5
ENSG00000155307.19,SAMSN1,1
ENSG00000155329.12,ZCCHC10,9
ENSG00000155330.10,C16orf87,12
ENSG00000155393.14,HEATR3,1
ENSG00000155438.12,NIFK,10
ENSG00000155463.14,OXA1L,4
ENSG00000155506.19,LARP1,13
ENSG00000155508.14,CNOT8,1
ENSG00000155621.15,C9orf85,13
ENSG00000155660.11,PDIA4,12
ENSG00000155755.20,TMEM237,13
ENSG00000155957.19,TMBIM4,15
ENSG00000155959.12,VBP1,1
ENSG00000156052.11,GNAQ,9
ENSG00000156110.15,ADK,11
ENSG00000156171.15,DRAM2,9
ENSG00000156256.15,USP16,9
ENSG00000156411.10,ATP5MJ,10
ENSG00000156675.16,RAB11FIP1,1
ENSG00000156735.11,BAG4,1
ENSG00000156802.13,ATAD2,8
ENSG00000156968.9,MPV17L,13
ENSG00000157106.18,SMG1,9
ENSG00000157181.16,ODR4,4
ENSG00000157184.7,CPT2,13
ENSG00000157193.18,LRP8,14
ENSG00000157216.16,SSBP3,1
ENSG00000157259.8,GATAD1,17
ENSG00000157540.22,DYRK1A,9
ENSG00000157570.12,TSPAN18,12
ENSG00000157837.16,SPPL3,14
ENSG00000157916.20,RER1,10
ENSG00000157954.15,WIPI2,9
ENSG00000158042.9,MRPL17,13
ENSG00000158122.12,PRXL2C,11
ENSG00000158195.11,WASF2,14
ENSG00000158234.13,FAIM,12
ENSG00000158435.8,CNOT11,14
ENSG00000158470.5,B4GALT5,1
ENSG00000158526.8,TSR2,12
ENSG00000158604.15,TMED4,13
ENSG00000158615.10,PPP1R15B,12
ENSG00000158769.18,F11R,9
ENSG00000158941.17,CCAR2,13
ENSG00000159023.22,EPB41,9
ENSG00000159055.4,MIS18A,9
ENSG00000159131.17,GART,15
ENSG00000159202.18,UBE2Z,12
ENSG00000159216.19,RUNX1,8
ENSG00000159217.10,IGF2BP1,2
ENSG00000159259.8,CHAF1B,4
ENSG00000159322.18,ADPGK,12
ENSG00000159335.18,PTMS,19
ENSG00000159388.6,BTG2,12
ENSG00000159445.13,THEM4,14
ENSG00000159592.11,GPBP1L1,1
ENSG00000159596.7,TMEM69,1
ENSG00000159658.15,EFCAB14,13
ENSG00000160014.17,CALM3,5
ENSG00000160049.12,DFFA,13
ENSG00000160058.19,BSDC1,9
ENSG00000160072.20,ATAD3B,4
ENSG00000160087.21,UBE2J2,13
ENSG00000160131.14,VMA21,5
ENSG00000160209.19,PDXK,4
ENSG00000160216.21,AGPAT3,3
ENSG00000160229.13,ZNF66,9
ENSG00000160310.19,PRMT2,6
ENSG00000160352.16,ZNF714,9
ENSG00000160392.14,C19orf47,11
ENSG00000160551.12,TAOK1,13
ENSG00000160679.13,CHTOP,15
ENSG00000160753.16,RUSC1,13
ENSG00000160818.17,GPATCH4,12
ENSG00000160959.8,LRRC14,12
ENSG00000160991.17,ORAI2,9
ENSG00000161202.20,DVL3,1
ENSG00000161405.17,IKZF3,1
ENSG00000161526.15,SAP30BP,6
ENSG00000161542.17,PRPSAP1,13
ENSG00000161618.10,ALDH16A1,13
ENSG00000161654.10,LSM12,1
ENSG00000161671.17,EMC10,14
ENSG00000161813.23,LARP4,9
ENSG00000161888.12,SPC24,3
ENSG00000161960.16,EIF4A1,20
ENSG00000162086.16,ZNF75A,13
ENSG00000162129.14,CLPB,2
ENSG00000162174.12,ASRGL1,13
ENSG00000162368.14,CMPK1,1
ENSG00000162377.6,COA7,1
ENSG00000162511.8,LAPTM5,2
ENSG00000162521.19,RBBP4,14
ENSG00000162522.11,KIAA1522,13
ENSG00000162664.17,ZNF326,9
ENSG00000162694.14,EXTL2,13
ENSG00000162702.8,ZNF281,1
ENSG00000162704.16,ARPC5,12
ENSG00000162714.13,ZNF496,13
ENSG00000162769.13,FLVCR1,3
ENSG00000162852.14,CNST,12
ENSG00000162889.11,MAPKAPK2,1
ENSG00000162959.14,MEMO1,13
ENSG00000162989.5,KCNJ3,9
ENSG00000163041.13,H3-3A,14
ENSG00000163125.16,RPRD2,9
ENSG00000163131.12,CTSS,9
ENSG00000163320.12,CGGBP1,8
ENSG00000163322.14,ABRAXAS1,13
ENSG00000163349.22,HIPK1,1
ENSG00000163428.4,LRRC58,13
ENSG00000163444.12,TMEM183A,12
ENSG00000163527.10,STT3B,2
ENSG00000163528.13,CHCHD4,13
ENSG00000163539.18,CLASP2,1
ENSG00000163558.13,PRKCI,9
ENSG00000163605.15,PPP4R2,9
ENSG00000163683.12,SMIM14,9
ENSG00000163714.18,U2SURP,2
ENSG00000163728.11,TTC14,12
ENSG00000163811.12,WDR43,13
ENSG00000163827.14,LRRC2,9
ENSG00000163832.16,ELP6,2
ENSG00000163848.20,ZNF148,9
ENSG00000163904.13,SENP2,13
ENSG00000163933.10,RFT1,11
ENSG00000163960.12,UBXN7,9
ENSG00000163964.18,PIGX,1
ENSG00000164008.17,C1orf50,17
ENSG00000164022.18,AIMP1,14
ENSG00000164024.12,METAP1,12
ENSG00000164031.17,DNAJB14,9
ENSG00000164040.18,PGRMC2,8
ENSG00000164045.12,CDC25A,11
ENSG00000164077.15,MON1A,4
ENSG00000164080.14,RAD54L2,13
ENSG00000164087.8,POC1A,12
ENSG00000164104.12,HMGB2,12
ENSG00000164144.16,ARFIP1,9
ENSG00000164163.11,ABCE1,1
ENSG00000164172.20,MOCS2,13
ENSG00000164190.19,NIPBL,13
ENSG00000164209.17,SLC25A46,14
ENSG00000164284.15,GRPEL2,2
ENSG00000164291.17,ARSK,9
ENSG00000164305.19,CASP3,12
ENSG00000164332.8,UBLCP1,9
ENSG00000164338.10,UTP15,13
ENSG00000164442.10,CITED2,1
ENSG00000164466.13,SFXN1,1
ENSG00000164506.15,STXBP5,3
ENSG00000164548.12,TRA2A,13
ENSG00000164609.10,SLU7,9
ENSG00000164615.6,CAMLG,13
ENSG00000164631.19,ZNF12,12
ENSG00000164818.16,DNAAF5,13
ENSG00000164902.14,PHAX,2
ENSG00000164985.15,PSIP1,1
ENSG00000165055.16,METTL2B,13
ENSG00000165119.21,HNRNPK,2
ENSG00000165156.15,ZHX1,13
ENSG00000165219.23,GAPVD1,13
ENSG00000165417.12,GTF2A1,9
ENSG00000165476.14,REEP3,1
ENSG00000165512.5,ZNF22,1
ENSG00000165526.9,RPUSD4,13
ENSG00000165527.8,ARF6,2
ENSG00000165669.14,FAM204A,13
ENSG00000165678.22,GHITM,7
ENSG00000165716.11,DIPK1B,3
ENSG00000165732.14,DDX21,12
ENSG00000165898.14,ISCA2,11
ENSG00000165934.13,CPSF2,4
ENSG00000166025.18,AMOTL1,1
ENSG00000166037.11,CEP57,13
ENSG00000166133.18,RPUSD2,13
ENSG00000166164.16,BRD7,12
ENSG00000166181.13,API5,13
ENSG00000166233.15,ARIH1,1
ENSG00000166275.16,BORCS7,9
ENSG00000166295.9,ANAPC16,15
ENSG00000166326.7,TRIM44,13
ENSG00000166347.19,CYB5A,11
ENSG00000166452.12,AKIP1,13
ENSG00000166471.11,TMEM41B,12
ENSG00000166822.13,TMEM170A,9
ENSG00000166847.10,DCTN5,8
ENSG00000166855.9,CLPX,9
ENSG00000166896.9,ATP23,15
ENSG00000166913.13,YWHAB,3
ENSG00000166965.13,RCCD1,12
ENSG00000167004.14,PDIA3,12
ENSG00000167005.14,NUDT21,2
ENSG00000167110.19,GOLGA2,12
ENSG00000167193.8,CRK,1
ENSG00000167196.14,FBXO22,14
ENSG00000167283.9,ATP5MG,13
ENSG00000167325.15,RRM1,9
ENSG00000167460.17,TPM4,9
ENSG00000167461.12,RAB8A,14
ENSG00000167470.14,MIDN,13
ENSG00000167491.18,GATAD2A,8
ENSG00000167513.9,CDT1,4
ENSG00000167552.15,TUBA1A,15
ENSG00000167635.12,ZNF146,13
ENSG00000167654.18,ATCAY,13
ENSG00000167721.11,TSR1,4
ENSG00000167733.14,HSD11B1L,13
ENSG00000167881.15,SRP68,9
ENSG00000168090.10,COPS6,9
ENSG00000168116.14,KIAA1586,14
ENSG00000168118.12,RAB4A,3
ENSG00000168175.15,MAPK1IP1L,1
ENSG00000168214.22,RBPJ,9
ENSG00000168256.18,NKIRAS2,12
ENSG00000168264.11,IRF2BP2,2
ENSG00000168288.13,MMADHC,13
ENSG00000168291.13,PDHB,3
ENSG00000168374.11,ARF4,10
ENSG00000168385.18,SEPTIN2,1
ENSG00000168395.16,ING5,13
ENSG00000168397.17,ATG4B,14
ENSG00000168495.13,POLR3D,11
ENSG00000168566.13,SNRNP48,2
ENSG00000168610.16,STAT3,3
ENSG00000168710.18,AHCYL1,12
ENSG00000168724.17,DNAJC21,14
ENSG00000168818.10,STX18,12
ENSG00000168827.15,GFM1,4
ENSG00000168924.15,LETM1,3
ENSG00000168938.6,PPIC,13
ENSG00000168958.20,MFF,10
ENSG00000169019.11,COMMD8,13
ENSG00000169136.13,ATF5,13
ENSG00000169139.12,UBE2V2,1
ENSG00000169155.10,ZBTB43,9
ENSG00000169217.9,CD2BP2,15
ENSG00000169221.14,TBC1D10B,12
ENSG00000169223.15,LMAN2,5
ENSG00000169299.14,PGM2,9
ENSG00000169504.15,CLIC4,1
ENSG00000169515.8,CCDC8,9
ENSG00000169570.10,DTWD2,13
ENSG00000169635.10,HIC2,1
ENSG00000169714.17,CNBP,13
ENSG00000169756.16,LIMS1,1
ENSG00000169895.6,SYAP1,4
ENSG00000169905.13,TOR1AIP2,9
ENSG00000169925.17,BRD3,9
ENSG00000170100.14,ZNF778,14
ENSG00000170144.21,HNRNPA3,8
ENSG00000170175.11,CHRNB1,9
ENSG00000170180.22,GYPA,7
ENSG00000170242.19,USP47,13
ENSG00000170248.15,PDCD6IP,2
ENSG00000170270.5,GON7,1
ENSG00000170312.17,CDK1,3
ENSG00000170348.9,TMED10,2
ENSG00000170522.10,ELOVL6,13
ENSG00000170537.13,TMC7,13
ENSG00000170540.15,ARL6IP1,9
ENSG00000170545.17,SMAGP,15
ENSG00000170632.14,ARMC10,14
ENSG00000170734.12,POLH,13
ENSG00000170759.11,KIF5B,1
ENSG00000170779.11,CDCA4,1
ENSG00000170791.18,CHCHD7,10
ENSG00000170854.18,RIOX2,9
ENSG00000170876.8,TMEM43,1
ENSG00000171051.9,FPR1,13
ENSG00000171148.14,TADA3,9
ENSG00000171208.10,NETO2,1
ENSG00000171236.10,LRG1,13
ENSG00000171241.9,SHCBP1,13
ENSG00000171262.11,FAM98B,13
ENSG00000171456.21,ASXL1,12
ENSG00000171466.10,ZNF562,13
ENSG00000171475.14,WIPF2,9
ENSG00000171497.5,PPID,3
ENSG00000171566.12,PLRG1,12
ENSG00000171604.12,CXXC5,1
ENSG00000171612.7,SLC25A33,13
ENSG00000171634.19,BPTF,13
ENSG00000171843.17,MLLT3,13
ENSG00000171865.10,RNASEH1,8
ENSG00000172239.14,PAIP1,5
ENSG00000172292.15,CERS6,2
ENSG00000172315.6,TP53RK,13
ENSG00000172466.16,ZNF24,9
ENSG00000172775.17,PSME3IP1,13
ENSG00000172831.14,CES2,13
ENSG00000173120.15,KDM2A,13
ENSG00000173141.5,MRPL57,15
ENSG00000173349.6,SFT2D3,13
ENSG00000173402.12,DAG1,12
ENSG00000173559.15,"NABP1",9
ENSG00000173598.14,NUDT4,13
ENSG00000173674.11,EIF1AX,1
ENSG00000173726.11,TOMM20,7
ENSG00000173744.18,AGFG1,9
ENSG00000173757.10,STAT5B,8
ENSG00000173848.19,NET1,9
ENSG00000173875.14,ZNF791,9
ENSG00000173905.9,GOLIM4,13
ENSG00000173950.16,XXYLT1,12
ENSG00000173960.14,UBXN2A,11
ENSG00000174013.8,FBXO45,13
ENSG00000174173.7,TRMT10C,9
ENSG00000174574.16,AKIRIN1,18
ENSG00000174695.10,TMEM167A,10
ENSG00000174749.6,FAM241A,13
ENSG00000174780.17,SRP72,1
ENSG00000174799.11,CEP135,9
ENSG00000174840.9,PDE12,1
ENSG00000174891.14,RSRC1,13
ENSG00000174953.14,DHX36,4
ENSG00000175110.14,MRPS22,11
ENSG00000175197.13,DDIT3,13
ENSG00000175203.17,DCTN2,9
ENSG00000175215.11,CTDSP2,8
ENSG00000175348.11,TMEM9B,3
ENSG00000175376.9,EIF1AD,4
ENSG00000175387.16,SMAD2,14
ENSG00000175449.14,RFESD,3
ENSG00000175575.13,PAAF1,11
ENSG00000175582.20,RAB6A,13
ENSG00000175727.14,MLXIP,9
ENSG00000175787.17,ZNF169,9
ENSG00000176022.7,B3GALT6,2
ENSG00000176105.14,YES1,1
ENSG00000176171.12,BNIP3,14
ENSG00000176407.18,KCMF1,1
ENSG00000176422.14,SPRYD4,13
ENSG00000176871.9,WSB2,13
ENSG00000176953.13,NFATC2IP,3
ENSG00000177084.18,POLE,12
ENSG00000177189.14,RPS6KA3,9
ENSG00000177370.5,TIMM22,12
ENSG00000177427.13,MIEF2,13
ENSG00000177469.13,CAVIN1,13
ENSG00000177479.20,ARIH2,1
ENSG00000177733.7,HNRNPA0,2
ENSG00000177842.12,ZNF620,9
ENSG00000177868.12,SVBP,14
ENSG00000177889.10,UBE2N,7
ENSG00000178177.16,LCORL,12
ENSG00000178202.13,POGLUT3,12
ENSG00000178538.10,CA8,14
ENSG00000178567.8,EPM2AIP1,12
ENSG00000178585.15,CTNNBIP1,12
ENSG00000178691.11,SUZ12,9
ENSG00000178927.18,CYBC1,9
ENSG00000178951.9,ZBTB7A,13
ENSG00000179119.15,SPTY2D1,9
ENSG00000179151.13,EDC3,13
ENSG00000179262.10,RAD23A,12
ENSG00000179295.19,PTPN11,13
ENSG00000179348.12,GATA2,2
ENSG00000179526.17,SHARPIN,6
ENSG00000179604.10,CDC42EP4,14
ENSG00000179833.4,SERTAD2,13
ENSG00000179918.19,SEPHS2,13
ENSG00000179958.10,DCTPP1,3
ENSG00000180198.17,RCC1,4
ENSG00000180228.14,PRKRA,1
ENSG00000180304.14,OAZ2,13
ENSG00000180357.10,ZNF609,9
ENSG00000180370.10,PAK2,1
ENSG00000180398.13,MCFD2,3
ENSG00000180423.4,HARBI1,14
ENSG00000180530.11,NRIP1,13
ENSG00000180573.10,H2AC6,10
ENSG00000180596.8,H2BC4,8
ENSG00000180806.5,HOXC9,13
ENSG00000180818.5,HOXC10,13
ENSG00000180957.19,PITPNB,12
ENSG00000180964.17,TCEAL8,1
ENSG00000181061.14,HIGD1A,7
ENSG00000181104.7,F2R,13
ENSG00000181192.12,DHTKD1,13
ENSG00000181274.7,FRAT2,13
ENSG00000181396.13,OGFOD3,1
ENSG00000181704.12,YIPF6,8
ENSG00000181904.9,C5orf24,1
ENSG00000182054.10,IDH2,10
ENSG00000182093.16,GET1,13
ENSG00000182199.11,SHMT2,13
ENSG00000182220.15,ATP6AP2,1
ENSG00000182400.15,TRAPPC6B,2
ENSG00000182446.14,NPLOC4,2
ENSG00000182551.14,ADI1,13
ENSG00000182552.15,RWDD4,13
ENSG00000182628.13,SKA2,1
ENSG00000182742.6,HOXB4,12
ENSG00000182831.12,C16orf72,9
ENSG00000182952.5,HMGN4,1
ENSG00000183077.16,AFMID,9
ENSG00000183137.15,CEP57L1,11
ENSG00000183155.5,RABIF,4
ENSG00000183255.12,PTTG1IP,12
ENSG00000183291.18,SELENOF,2
ENSG00000183431.12,SF3A3,5
ENSG00000183474.16,GTF2H2C,13
ENSG00000183495.14,EP400,2
ENSG00000183513.9,COA5,3
ENSG00000183520.12,UTP11,12
ENSG00000183597.16,TANGO2,11
ENSG00000183726.11,TMEM50A,3
ENSG00000183751.16,TBL3,4
ENSG00000184007.22,PTP4A2,20
ENSG00000184117.12,NIPSNAP1,13
ENSG00000184203.8,PPP1R2,9
ENSG00000184575.12,XPOT,2
ENSG00000184743.13,ATL3,3
ENSG00000184863.11,RBM33,13
ENSG00000184900.16,SUMO3,18
ENSG00000184903.10,IMMP2L,12
ENSG00000184983.11,NDUFA6,19
ENSG00000184992.13,BRI3BP,1
ENSG00000185009.13,AP3M1,11
ENSG00000185127.6,C6orf120,1
ENSG00000185129.8,PURA,1
ENSG00000185163.10,DDX51,4
ENSG00000185219.18,ZNF445,13
ENSG00000185222.10,TCEAL9,1
ENSG00000185252.19,ZNF74,9
ENSG00000185262.9,UBALD2,6
ENSG00000185305.12,ARL15,9
ENSG00000185414.20,MRPL30,8
ENSG00000185480.12,PARPBP,12
ENSG00000185515.16,BRCC3,13
ENSG00000185551.15,NR2F2,9
ENSG00000185591.10,SP1,9
ENSG00000185650.10,ZFP36L1,13
ENSG00000185658.14,BRWD1,12
ENSG00000185787.15,MORF4L1,16
ENSG00000185800.12,DMWD,6
ENSG00000185811.20,IKZF1,13
ENSG00000185813.11,PCYT2,13
ENSG00000185950.9,IRS2,9
ENSG00000186063.13,AIDA,1
ENSG00000186187.12,ZNRF1,13
ENSG00000186432.10,KPNA4,13
ENSG00000186480.13,INSIG1,2
ENSG00000186575.19,NF2,13
ENSG00000186591.13,UBE2H,13
ENSG00000186660.15,ZFP91,13
ENSG00000186665.10,C17orf58,13
ENSG00000186687.16,LYRM7,1
ENSG00000186814.14,ZSCAN30,12
ENSG00000187098.18,MITF,13
ENSG00000187109.15,"NAP1L1",13
ENSG00000187514.17,PTMA,12
ENSG00000187555.16,USP7,3
ENSG00000187630.18,DHRS4L2,12
ENSG00000187699.10,C2orf88,9
ENSG00000187772.8,LIN28B,13
ENSG00000187954.13,CYHR1,13
ENSG00000187994.14,RINL,13
ENSG00000188313.13,PLSCR1,13
ENSG00000188529.15,SRSF10,1
ENSG00000188677.15,PARVB,12
ENSG00000188725.8,SMIM15,1
ENSG00000188739.15,RBM34,13
ENSG00000188846.14,RPL14,17
ENSG00000188895.12,MSL1,12
ENSG00000188994.13,ZNF292,12
ENSG00000189159.16,JPT1,10
ENSG00000189266.13,PNRC2,13
ENSG00000189403.15,HMGB1,18
ENSG00000196072.12,BLOC1S2,1
ENSG00000196081.10,ZNF724,13
ENSG00000196214.11,ZNF766,12
ENSG00000196227.11,FAM217B,13
ENSG00000196230.14,TUBB,20
ENSG00000196323.14,ZBTB44,13
ENSG00000196363.10,WDR5,8
ENSG00000196449.4,YRDC,10
ENSG00000196504.19,PRPF40A,1
ENSG00000196584.3,XRCC2,13
ENSG00000196628.20,TCF4,14
ENSG00000196636.8,SDHAF3,3
ENSG00000196646.12,ZNF136,13
ENSG00000196705.8,ZNF431,1
ENSG00000196715.7,VKORC1L1,14
ENSG00000196787.4,H2AC11,15
ENSG00000196792.12,STRN3,13
ENSG00000196821.10,ILRUN,13
ENSG00000196914.9,ARHGEF12,1
ENSG00000196937.11,FAM3C,1
ENSG00000197008.10,ZNF138,9
ENSG00000197043.14,ANXA6,12
ENSG00000197063.11,MAFG,9
ENSG00000197147.15,LRRC8B,9
ENSG00000197170.10,PSMD12,8
ENSG00000197223.12,C1D,1
ENSG00000197265.9,GTF2E2,13
ENSG00000197299.13,BLM,4
ENSG00000197323.12,TRIM33,9
ENSG00000197324.9,LRP10,13
ENSG00000197343.11,ZNF655,13
ENSG00000197471.12,SPN,9
ENSG00000197622.13,CDC42SE1,8
ENSG00000197713.15,RPE,13
ENSG00000197746.15,PSAP,12
ENSG00000197771.13,MCMBP,9
ENSG00000197780.11,TAF13,9
ENSG00000197930.13,ERO1A,1
ENSG00000197951.10,ZNF71,11
ENSG00000197965.12,MPZL1,2
ENSG00000198000.12,NOL8,9
ENSG00000198001.15,IRAK4,17
ENSG00000198015.14,MRPL42,14
ENSG00000198042.11,MAK16,13
ENSG00000198055.11,GRK6,9
ENSG00000198056.15,PRIM1,4
ENSG00000198060.10,MARCHF5,9
ENSG00000198131.15,ZNF544,1
ENSG00000198176.13,TFDP1,18
ENSG00000198189.11,HSD17B11,13
ENSG00000198218.11,QRICH1,13
ENSG00000198408.14,OGA,1
ENSG00000198431.17,TXNRD1,12
ENSG00000198464.14,ZNF480,12
ENSG00000198522.14,GPN1,12
ENSG00000198586.14,TLK1,1
ENSG00000198612.11,COPS8,12
ENSG00000198625.14,MDM4,13
ENSG00000198663.17,C6orf89,14
ENSG00000198668.14,CALM1,12
ENSG00000198677.12,TTC37,9
ENSG00000198700.10,IPO9,1
ENSG00000198728.11,LDB1,13
ENSG00000198736.13,MSRB1,12
ENSG00000198743.7,SLC5A3,1
ENSG00000198771.11,RCSD1,1
ENSG00000198791.12,CNOT7,1
ENSG00000198830.11,HMGN2,7
ENSG00000198833.7,UBE2J1,1
ENSG00000198836.11,OPA1,1
ENSG00000198839.10,ZNF277,9
ENSG00000198856.13,OSTC,3
ENSG00000198898.15,CAPZA2,9
ENSG00000198911.12,SREBF2,2
ENSG00000203667.10,COX20,12
ENSG00000203668.3,CHML,9
ENSG00000203705.11,TATDN3,1
ENSG00000204084.13,INPP5B,13
ENSG00000204120.16,GIGYF2,1
ENSG00000204304.12,PBX2,8
ENSG00000204370.13,SDHD,12
ENSG00000204420.10,MPIG6B,9
ENSG00000204568.12,MRPS18B,13
ENSG00000204577.12,LILRB3,13
ENSG00000204713.11,TRIM27,14
ENSG00000204899.6,MZT1,7
ENSG00000205002.4,AARD,13
ENSG00000205155.8,PSENEN,9
ENSG00000205302.7,SNX2,13
ENSG00000205339.10,IPO7,1
ENSG00000211456.13,SACM1L,1
ENSG00000211460.12,TSN,3
ENSG00000213024.12,NUP62,13
ENSG00000213246.7,SUPT4H1,3
ENSG00000213281.5,NRAS,1
ENSG00000213463.5,SYNJ2BP,13
ENSG00000213625.9,LEPROT,1
ENSG00000213639.10,PPP1CB,2
ENSG00000213699.9,SLC35F6,13
ENSG00000213889.11,PPM1N,9
ENSG00000213923.13,CSNK1E,1
ENSG00000213995.12,"NAXD",12
ENSG00000214753.4,HNRNPUL2,13
ENSG00000214941.8,ZSWIM7,13
ENSG00000215712.11,TMEM242,3
ENSG00000215717.7,TMEM167B,3
ENSG00000220205.9,VAMP2,9
ENSG00000221823.11,PPP3R1,12
ENSG00000221978.13,CCNL2,9
ENSG00000223496.3,EXOSC6,3
ENSG00000228049.7,POLR2J2,13
ENSG00000228716.7,DHFR,3
ENSG00000231925.13,TAPBP,13
ENSG00000233822.6,H2BC15,13
ENSG00000234545.8,FAM133B,9
ENSG00000237190.4,CDKN2AIPNL,13
ENSG00000239306.5,RBM14,4
ENSG00000239789.6,MRPS17,14
ENSG00000239857.7,GET4,15
ENSG00000240682.10,ISY1,12
ENSG00000240849.11,PEDS1,13
ENSG00000241258.7,CRCP,12
ENSG00000243646.10,IL10RB,9
ENSG00000244038.11,DDOST,9
ENSG00000244045.13,TMEM199,13
ENSG00000244462.8,RBM12,1
ENSG00000244509.4,APOBEC3C,9
ENSG00000244687.13,UBE2V1,1
ENSG00000247077.7,PGAM5,14
ENSG00000249437.8,"NAIP",13
ENSG00000253250.3,C8orf88,2
ENSG00000253276.5,CCDC71L,13
ENSG00000254087.8,LYN,1
ENSG00000254470.3,AP5B1,3
ENSG00000254999.4,BRK1,8
ENSG00000255302.5,EID1,13
ENSG00000256525.8,POLG2,11
ENSG00000256537.5,SMIM10L1,13
ENSG00000257103.9,LSM14A,9
ENSG00000259956.2,RBM15B,9
ENSG00000263001.8,GTF2I,1
ENSG00000263465.5,SRSF8,13
ENSG00000264364.3,DYNLL2,3
ENSG00000265491.5,RNF115,1
ENSG00000265808.4,SEC22B,13
ENSG00000265972.6,TXNIP,13
ENSG00000266412.6,NCOA4,12
ENSG00000269190.6,FBXO17,12
ENSG00000269404.7,SPIB,12
ENSG00000270800.3,RPS10-NUDT3,3
ENSG00000271503.6,CCL5,13
ENSG00000271601.4,LIX1L,3
ENSG00000272391.6,POM121C,13
ENSG00000272602.6,ZNF595,12
ENSG00000272886.6,DCP1A,9
ENSG00000275004.4,ZNF280B,13
ENSG00000275052.5,PPP4R3B,2
ENSG00000275713.3,H2BC9,14
ENSG00000278053.5,DDX52,17
ENSG00000278311.5,GGNBP2,1
ENSG00000278540.5,ACACA,13
ENSG00000278828.2,H3C10,12
ENSG00000280789.2,PAGR1,8
ENSG00000288701.1,PRRC2B,13
