gene_id,gene_name,cluster_id,n_exons,width,max_utr_length
ENSG00000001631.17,KRIT1,1,20,48669,1767
ENSG00000003402.21,CFLAR,9,10,60534,12714
ENSG00000004142.12,POLDIP2,12,11,10895,1484
ENSG00000004455.17,AK2,11,8,73057,6583
ENSG00000005007.13,UPF1,3,24,36272,2067
ENSG00000005156.12,LIG3,12,20,29232,5237
ENSG00000005175.10,RPAP3,9,17,44782,2256
ENSG00000005194.15,CIAPIN1,12,9,19234,983
ENSG00000005206.17,SPPL2B,13,15,26481,2318
ENSG00000005249.13,PRKAR2B,18,11,117107,2229
ENSG00000005810.19,MYCBP2,13,85,284621,2904
ENSG00000006007.12,GDE1,13,6,20431,1777
ENSG00000006125.18,AP2B1,3,22,148368,2714
ENSG00000006451.8,RALA,2,5,84556,1875
ENSG00000006831.10,ADIPOR2,13,8,100101,2602
ENSG00000007944.15,MYLIP,13,7,19163,1497
ENSG00000008083.14,JARID2,13,18,275974,1791
ENSG00000008282.9,SYPL1,7,6,22072,1300
ENSG00000008283.16,CYB561,13,6,14051,2806
ENSG00000008952.17,SEC62,1,9,31739,5310
ENSG00000008988.11,RPS20,9,6,7257,2484
ENSG00000009307.17,CSDE1,5,22,41764,1256
ENSG00000009765.15,IYD,13,6,37078,7732
ENSG00000009844.16,VTA1,1,8,77524,6042
ENSG00000009954.11,BAZ1B,12,20,81888,1790
ENSG00000010244.19,ZNF207,13,14,31754,12126
ENSG00000010270.14,STARD3NL,2,10,52426,1815
ENSG00000011007.13,ELOA,14,11,18612,2486
ENSG00000012048.23,BRCA1,13,24,125951,1383
ENSG00000012061.16,ERCC1,14,10,71495,2341
ENSG00000012232.9,EXTL3,14,7,155131,4733
ENSG00000013523.11,ANGEL1,14,10,40238,3219
ENSG00000013561.18,RNF14,14,9,31965,2502
ENSG00000014919.13,COX15,13,9,21260,3719
ENSG00000018189.13,RUFY3,1,19,104416,2260
ENSG00000020922.13,MRE11,14,20,78316,4555
ENSG00000021355.13,SERPINB1,1,7,9628,1276
ENSG00000023318.9,ERP44,3,14,119868,3427
ENSG00000023697.13,DERA,13,9,126080,635
ENSG00000023909.10,GCLM,14,7,24258,3791
ENSG00000025293.17,PHF20,9,18,178397,2743
ENSG00000025800.14,KPNA6,2,14,68508,5669
ENSG00000029363.17,BCLAF1,12,15,33225,4483
ENSG00000029534.21,ANK1,13,43,243543,8241
ENSG00000029725.17,RABEP1,12,18,104076,3117
ENSG00000029993.15,HMGB3,9,5,10263,2857
ENSG00000031081.11,ARHGAP31,13,12,126332,4450
ENSG00000033011.14,ALG1,4,14,53678,2498
ENSG00000033050.9,ABCF2,4,15,15722,2570
ENSG00000035141.8,FAM136A,7,4,6116,1314
ENSG00000035403.18,VCL,13,23,126171,3194
ENSG00000035499.13,DEPDC1B,13,11,103279,841
ENSG00000035687.10,ADSS2,3,13,43416,1092
ENSG00000035928.17,RFC1,1,25,78920,1305
ENSG00000036054.13,TBC1D23,9,19,64260,1583
ENSG00000037757.14,MRI1,9,6,9761,2001
ENSG00000039123.16,MTREX,9,27,117591,1968
ENSG00000040341.18,STAU2,13,15,327340,15371
ENSG00000040633.13,PHF23,9,6,4694,597
ENSG00000042493.16,CAPG,6,10,23680,140
ENSG00000043093.15,DCUN1D1,1,8,47880,7020
ENSG00000043514.17,TRIT1,9,12,45402,3634
ENSG00000044115.21,CTNNA1,13,19,324068,1210
ENSG00000044574.9,HSPA5,12,8,6530,1739
ENSG00000046604.14,DSG2,13,15,50832,2265
ENSG00000047849.22,MAP4,1,21,238583,2374
ENSG00000048544.6,MRPS10,4,7,11055,1482
ENSG00000048649.14,RSF1,9,16,160861,6908
ENSG00000048740.19,CELF2,9,15,538279,7622
ENSG00000048828.17,FAM120A,1,18,114428,1673
ENSG00000049167.16,ERCC8,3,14,78620,8161
ENSG00000049245.13,VAMP3,1,5,10137,1787
ENSG00000049323.16,LTBP1,1,34,452557,964
ENSG00000049618.24,ARID1B,12,21,434760,8292
ENSG00000050393.12,MCUR1,8,10,28012,4252
ENSG00000050748.18,MAPK9,9,12,58957,31089
ENSG00000051108.15,HERPUD1,8,8,12723,1574
ENSG00000051180.17,RAD51,17,10,37567,1162
ENSG00000051382.9,PIK3CB,12,24,182231,2691
ENSG00000052723.12,SIKE1,9,5,11207,4792
ENSG00000052795.13,FNIP2,9,17,139025,3506
ENSG00000052802.13,MSMO1,12,6,15498,1218
ENSG00000053372.5,MRTO4,6,8,8324,1298
ENSG00000054116.12,TRAPPC3,20,5,19484,633
ENSG00000054118.15,THRAP3,1,14,80926,1340
ENSG00000055070.17,SZRD1,8,5,45571,3005
ENSG00000055130.18,CUL1,12,24,103197,528
ENSG00000055211.14,GINM1,13,8,25455,910
ENSG00000055609.21,KMT2C,9,60,301723,3862
ENSG00000055917.16,PUM2,1,21,103544,2894
ENSG00000056097.16,ZFR,1,20,90391,1410
ENSG00000056586.16,RC3H2,13,22,60804,5071
ENSG00000057252.13,SOAT1,13,16,64967,5039
ENSG00000057608.17,GDI2,12,11,76910,783
ENSG00000058063.16,ATP11B,2,30,128127,4375
ENSG00000058673.17,ZC3H11A,12,20,59377,2600
ENSG00000058804.12,NDC1,5,18,72986,2492
ENSG00000059804.16,SLC2A3,3,10,16958,2183
ENSG00000060237.19,WNK1,1,31,158874,2660
ENSG00000060339.14,CCAR1,9,25,71366,35000
ENSG00000060982.15,BCAT1,1,11,139078,7984
ENSG00000061794.13,MRPS35,3,8,45474,18693
ENSG00000062194.16,GPBP1,1,13,90732,1927
ENSG00000062716.13,VMP1,14,12,135064,2344
ENSG00000063046.18,EIF4B,7,15,35934,1992
ENSG00000063322.15,MED29,3,4,9339,2942
ENSG00000064115.11,TM7SF3,13,12,42856,2386
ENSG00000064393.16,HIPK2,13,15,216429,11357
ENSG00000064419.14,TNPO3,13,24,100994,3075
ENSG00000064545.15,TMEM161A,15,12,19345,761
ENSG00000064666.15,CNN2,12,8,12483,1168
ENSG00000064726.10,BTBD1,12,8,50830,1644
ENSG00000065000.19,AP3D1,1,32,63481,7579
ENSG00000065135.12,GNAI3,18,9,51581,7962
ENSG00000065150.21,IPO5,5,29,70639,2474
ENSG00000065183.16,WDR3,9,27,36824,8106
ENSG00000065328.17,MCM10,2,20,49553,1944
ENSG00000065883.17,CDK13,12,15,149460,4600
ENSG00000065911.13,MTHFD2,1,10,31394,3323
ENSG00000065989.16,PDE4A,13,17,52858,2009
ENSG00000066027.12,PPP2R5A,12,13,76444,1083
ENSG00000066044.15,ELAVL1,13,6,47087,9964
ENSG00000066583.12,ISOC1,3,5,19280,1027
ENSG00000066697.15,MSANTD3,1,4,24592,5475
ENSG00000067064.12,IDI1,1,5,9968,2035
ENSG00000067167.8,TRAM1,9,11,35199,1714
ENSG00000067365.15,METTL22,17,12,27972,3511
ENSG00000067533.6,RRP15,2,5,52691,6892
ENSG00000067560.14,RHOA,3,6,53860,3370
ENSG00000067955.15,CBFB,18,7,72075,2326
ENSG00000068308.15,OTUD5,3,10,36363,1150
ENSG00000068489.13,PRR11,1,11,50978,5078
ENSG00000068650.19,ATP11A,9,30,197131,8874
ENSG00000068796.19,KIF2A,2,21,84864,5456
ENSG00000069011.16,PITX1,13,4,7080,1045
ENSG00000069020.19,MAST4,9,29,573214,83796
ENSG00000069248.12,NUP133,1,26,68083,1645
ENSG00000069275.13,NUCKS1,18,7,37361,5458
ENSG00000069345.12,DNAJA2,2,9,18313,1667
ENSG00000069974.16,RAB27A,8,7,116148,2541
ENSG00000070010.19,UFD1,9,12,29292,759
ENSG00000070423.18,RNF126,10,9,15708,602
ENSG00000070770.10,CSNK2A2,12,12,40200,6164
ENSG00000070814.22,TCOF1,13,27,42680,1260
ENSG00000070831.17,CDC42,3,7,75850,9843
ENSG00000070961.16,ATP2B1,13,21,121252,3221
ENSG00000071054.17,MAP4K4,3,33,197841,3441
ENSG00000071127.17,WDR1,7,15,42611,1039
ENSG00000071243.16,ING3,13,12,26454,2372
ENSG00000071626.17,DAZAP1,7,13,28119,1857
ENSG00000072042.13,RDH11,13,7,18994,1521
ENSG00000072110.16,ACTN1,4,23,105313,731
ENSG00000072501.19,SMC1A,1,26,48580,5954
ENSG00000072518.22,MARK2,9,19,72093,1783
ENSG00000072571.20,HMMR,9,18,31739,777
ENSG00000072736.19,NFATC3,13,11,144509,14830
ENSG00000073536.18,NLE1,15,13,13575,3707
ENSG00000073584.20,SMARCE1,3,12,23693,3823
ENSG00000073614.13,KDM5A,13,28,109264,5399
ENSG00000073921.18,PICALM,12,20,112708,63608
ENSG00000074696.13,HACD3,11,13,47932,1970
ENSG00000075131.10,TIPIN,11,8,50556,767
ENSG00000075151.24,EIF4G3,13,37,370994,1027
ENSG00000075413.19,MARK3,9,19,118455,604
ENSG00000075856.12,SART3,13,19,39187,1243
ENSG00000076108.12,BAZ2A,1,30,41221,3022
ENSG00000077147.16,TM9SF3,2,15,69343,4153
ENSG00000077232.19,DNAJC10,9,25,78210,17332
ENSG00000077380.16,DYNC1I2,3,18,62750,2269
ENSG00000077549.19,CAPZB,3,10,146765,5109
ENSG00000077684.16,JADE1,12,11,65525,2962
ENSG00000078124.13,ACER3,1,13,165939,6470
ENSG00000078140.14,UBE2K,2,7,84684,4358
ENSG00000078177.14,N4BP2,13,19,101403,4015
ENSG00000078304.19,PPP2R5C,13,16,166192,2717
ENSG00000078369.18,GNB1,5,12,105833,2046
ENSG00000078596.11,ITM2A,9,6,7284,705
ENSG00000079134.13,THOC1,9,21,53531,44745
ENSG00000079246.16,XRCC5,16,23,98840,1101
ENSG00000079332.15,SAR1A,8,8,23235,5187
ENSG00000079819.19,EPB41L2,12,20,223976,18789
ENSG00000080371.6,RAB21,14,7,45424,14613
ENSG00000080802.20,CNOT4,12,12,148333,2643
ENSG00000080845.19,DLGAP4,13,13,222302,1606
ENSG00000081154.12,PCNP,7,5,20286,1712
ENSG00000081189.16,MEF2C,9,12,187141,5487
ENSG00000081307.15,UBA5,13,13,25349,3268
ENSG00000081692.13,JMJD4,10,6,4987,1201
ENSG00000082153.18,BZW1,7,12,16745,5160
ENSG00000082641.16,NFE2L1,3,6,13217,1904
ENSG00000082898.19,XPO1,18,27,62710,1131
ENSG00000082996.20,RNF13,9,11,149370,1035
ENSG00000083168.11,KAT6A,9,18,122516,2726
ENSG00000083312.19,TNPO1,9,25,100422,8978
ENSG00000083520.15,DIS3,4,23,29928,7626
ENSG00000083720.13,OXCT1,1,17,140361,1664
ENSG00000083896.13,YTHDC1,13,17,39704,3712
ENSG00000083937.10,CHMP2B,9,7,28286,1734
ENSG00000084070.12,SMAP2,2,10,78477,1223
ENSG00000084073.10,ZMPSTE24,1,11,36140,1511
ENSG00000084234.18,APLP2,5,19,76665,1363
ENSG00000084676.16,NCOA1,13,25,279449,2579
ENSG00000084733.11,RAB10,11,6,103371,2433
ENSG00000084754.12,HADHA,12,21,54038,615
ENSG00000085063.17,CD59,7,6,33470,8113
ENSG00000085832.17,EPS15,9,25,165004,2437
ENSG00000086061.16,DNAJA1,5,9,14635,1004
ENSG00000086065.14,CHMP5,1,8,17192,1241
ENSG00000086200.17,IPO11,1,30,224611,1383
ENSG00000086232.13,EIF2AK1,9,15,36929,2426
ENSG00000086475.15,SEPHS1,8,9,30871,1714
ENSG00000086504.18,MRPL28,13,6,4321,706
ENSG00000086589.12,RBM22,12,11,10286,959
ENSG00000086666.19,ZFAND6,13,7,78826,765
ENSG00000086758.16,HUWE1,1,84,154633,1213
ENSG00000087263.17,OGFOD1,12,13,27584,2899
ENSG00000087274.19,ADD1,12,18,86233,1553
ENSG00000087470.19,DNM1L,14,21,66451,2240
ENSG00000087586.18,AURKA,1,10,22949,805
ENSG00000087995.16,METTL2A,11,9,29511,4656
ENSG00000088205.13,DDX18,1,14,17687,1653
ENSG00000088247.19,KHSRP,2,20,11710,1922
ENSG00000088256.9,GNA11,13,7,29638,2820
ENSG00000088325.16,TPX2,13,19,62535,725
ENSG00000088888.18,MAVS,11,7,29325,9976
ENSG00000089006.17,SNX5,16,14,27384,760
ENSG00000089022.14,MAPKAPK5,13,14,59995,9161
ENSG00000089220.5,PEBP1,19,4,9461,781
ENSG00000089682.17,RBM41,13,8,56939,5642
ENSG00000089685.15,BIRC5,12,5,11451,2082
ENSG00000090060.19,PAPOLA,1,22,65684,2214
ENSG00000090316.16,MAEA,12,10,50261,968
ENSG00000090520.12,DNAJB11,8,11,18398,392
ENSG00000090686.16,USP48,13,27,105309,1119
ENSG00000090857.14,PDPR,13,19,48206,5658
ENSG00000091009.8,RBM27,2,21,85619,3193
ENSG00000091039.17,OSBPL8,1,26,208013,4092
ENSG00000091317.8,CMTM6,9,4,21541,2648
ENSG00000091542.9,ALKBH5,9,4,26877,1558
ENSG00000091651.9,ORC6,11,7,8752,1747
ENSG00000091947.10,TMEM101,6,5,12759,740
ENSG00000092108.22,SCFD1,11,26,115404,29898
ENSG00000092199.19,HNRNPC,2,11,60359,2201
ENSG00000092201.10,SUPT16H,1,26,32544,1197
ENSG00000092531.10,SNAP23,9,8,54124,1581
ENSG00000092820.19,EZR,3,14,53628,1173
ENSG00000092847.13,AGO1,13,19,60725,10925
ENSG00000093000.19,NUP50,5,9,24093,3362
ENSG00000093144.19,ECHDC1,1,7,54898,25555
ENSG00000093167.18,LRRFIP2,13,28,131064,1225
ENSG00000094804.12,CDC6,1,12,16779,2656
ENSG00000094916.16,CBX5,3,5,49192,10813
ENSG00000095209.12,TMEM38B,1,6,82089,24986
ENSG00000095261.14,PSMD5,13,10,27456,1853
ENSG00000095787.24,WAC,12,16,90620,3506
ENSG00000095794.20,CREM,9,10,86168,1559
ENSG00000096060.15,FKBP5,4,12,154999,6419
ENSG00000096063.16,SRPK1,2,16,88377,2338
ENSG00000096092.6,TMEM14A,8,5,15476,539
ENSG00000096401.8,CDC5L,13,16,62720,3714
ENSG00000096746.18,HNRNPH3,5,10,12020,1139
ENSG00000097033.14,SH3GLB1,2,11,43615,4949
ENSG00000099194.6,SCD,8,6,17594,3893
ENSG00000099246.18,RAB18,13,8,39034,5224
ENSG00000099337.5,KCNK6,9,3,12232,4673
ENSG00000099341.12,PSMD8,6,7,9275,434
ENSG00000099804.9,CDC34,1,5,10333,707
ENSG00000099817.12,POLR2E,9,9,8807,2912
ENSG00000099899.15,TRMT2A,12,13,5518,688
ENSG00000099940.12,SNAP29,6,5,32208,3378
ENSG00000099995.19,SF3A1,12,16,24932,2606
ENSG00000100030.15,MAPK1,2,9,108024,9547
ENSG00000100034.14,PPM1F,11,8,33424,3667
ENSG00000100104.13,SRRD,15,7,10782,2986
ENSG00000100138.15,SNU13,10,5,16572,1000
ENSG00000100201.23,DDX17,13,13,24223,2497
ENSG00000100219.17,XBP1,3,6,6043,991
ENSG00000100239.16,PPP6R2,12,25,101787,857
ENSG00000100294.13,MCAT,4,4,11190,834
ENSG00000100296.14,THOC5,4,23,49338,2578
ENSG00000100335.15,MIEF1,13,7,18701,3809
ENSG00000100345.23,MYH9,13,42,106731,1388
ENSG00000100348.10,TXN2,13,5,14595,758
ENSG00000100350.16,FOXRED2,1,9,20032,2818
ENSG00000100354.21,TNRC6B,13,24,290992,12567
ENSG00000100364.19,KIAA0930,11,10,48651,4932
ENSG00000100372.15,SLC25A17,3,11,49770,1204
ENSG00000100380.15,ST13,5,12,32105,2003
ENSG00000100401.20,RANGAP1,14,17,41409,1824
ENSG00000100410.8,PHF5A,13,4,8976,681
ENSG00000100519.12,PSMC6,3,14,21413,973
ENSG00000100522.10,GNPNAT1,9,7,16476,3118
ENSG00000100528.12,CNIH1,13,6,17831,4253
ENSG00000100664.11,EIF5,13,12,11482,3973
ENSG00000100722.20,ZC3H14,14,19,64627,15845
ENSG00000100796.18,PPP4R3A,1,15,53047,1251
ENSG00000100811.14,YY1,13,6,44491,5188
ENSG00000100813.15,ACIN1,12,19,37051,584
ENSG00000100836.11,PABPN1,13,7,4707,1864
ENSG00000100852.14,ARHGAP5,1,7,83615,4780
ENSG00000100888.15,CHD8,12,39,70933,419
ENSG00000100890.16,PRORP,12,8,155777,4056
ENSG00000100897.18,DCAF11,4,15,11048,1933
ENSG00000100934.15,SEC23A,13,20,77728,1320
ENSG00000100941.9,PNN,1,9,8038,1358
ENSG00000101019.22,UQCC1,12,10,109466,2961
ENSG00000101040.20,ZMYND8,9,24,147676,1547
ENSG00000101079.21,NDRG3,2,17,94325,1754
ENSG00000101109.12,STK4,1,12,113543,22439
ENSG00000101138.12,CSTF1,2,6,13992,2635
ENSG00000101150.18,TPD52L2,13,9,26318,1600
ENSG00000101166.16,PRELID3B,2,6,9665,1862
ENSG00000101191.17,DIDO1,9,16,60215,3717
ENSG00000101193.8,GID8,3,5,10329,3563
ENSG00000101236.17,RNF24,9,7,88250,6754
ENSG00000101246.20,ARFRP1,12,8,9384,2040
ENSG00000101266.19,CSNK2A1,13,16,71338,11463
ENSG00000101310.17,SEC23B,11,20,53896,675
ENSG00000101337.16,TM9SF4,13,18,57545,1814
ENSG00000101346.14,POFUT1,14,7,30779,3997
ENSG00000101367.9,MAPRE1,18,7,30452,1677
ENSG00000101421.4,CHMP4B,1,5,43019,806
ENSG00000101557.15,USP14,3,16,56247,3345
ENSG00000101811.14,CSTF2,3,15,21162,3159
ENSG00000101843.19,PSMD10,12,6,7343,767
ENSG00000101856.10,PGRMC1,18,3,8222,1212
ENSG00000101935.12,AMMECR1,13,10,246133,6585
ENSG00000101966.13,XIAP,9,7,54253,6795
ENSG00000102144.15,PGK1,4,11,218557,3465
ENSG00000102158.22,MAGT1,12,13,73525,3473
ENSG00000102178.13,UBL4A,3,5,2899,1822
ENSG00000102317.18,RBM3,12,8,6714,4076
ENSG00000102362.16,SYTL4,9,20,60341,4245
ENSG00000102401.20,ARMCX3,9,5,5047,1724
ENSG00000102471.15,NDFIP2,2,9,74954,4957
ENSG00000102572.15,STK24,1,11,132756,7988
ENSG00000102580.15,DNAJC3,9,12,117850,3958
ENSG00000102606.19,ARHGEF7,3,22,191179,2863
ENSG00000102743.15,SLC25A15,13,7,23049,2793
ENSG00000102753.10,KPNA3,1,17,93363,2480
ENSG00000102893.16,PHKB,6,32,240401,2157
ENSG00000102908.22,NFAT5,9,16,139573,9295
ENSG00000102931.8,ARL2BP,9,6,8377,1368
ENSG00000102978.13,POLR2C,1,9,9350,890
ENSG00000103018.18,CYB5B,3,6,67863,4601
ENSG00000103035.11,PSMD7,9,8,9475,555
ENSG00000103037.12,SETD6,4,9,8364,4813
ENSG00000103111.15,MON1B,13,6,11564,4090
ENSG00000103249.18,CLCN7,13,25,30151,1696
ENSG00000103260.9,METRN,15,4,4538,2268
ENSG00000103342.13,GSPT1,12,15,47955,4991
ENSG00000103415.12,HMOX2,9,8,35658,591
ENSG00000103485.19,QPRT,7,5,35421,1288
ENSG00000103550.14,KNOP1,4,5,16299,4973
ENSG00000103591.13,AAGAB,13,10,54529,2154
ENSG00000103653.17,CSK,9,15,21118,684
ENSG00000103769.10,RAB11A,2,5,165936,4149
ENSG00000103994.18,ZNF106,13,22,78319,4481
ENSG00000104231.11,ZFAND1,12,9,31570,1358
ENSG00000104312.8,RIPK2,1,11,33259,648
ENSG00000104331.9,BPNT2,2,5,35937,5862
ENSG00000104341.17,LAPTM4B,1,7,77957,1539
ENSG00000104388.15,RAB2A,3,9,106709,2875
ENSG00000104442.10,ARMC1,1,7,31760,1936
ENSG00000104472.10,CHRAC1,13,3,5844,1907
ENSG00000104517.13,UBR5,13,59,160487,2029
ENSG00000104524.14,PYCR3,4,7,6564,2490
ENSG00000104671.8,DCTN6,9,7,27321,466
ENSG00000104687.14,GSR,3,15,49781,1454
ENSG00000104689.10,TNFRSF10A,2,10,34651,1242
ENSG00000104691.16,UBXN8,1,10,37876,612
ENSG00000104738.18,MCM4,9,18,17976,1382
ENSG00000104756.16,KCTD9,13,12,30630,2010
ENSG00000104774.13,MAN2B1,6,24,20232,108
ENSG00000104805.16,NUCB1,11,14,23061,948
ENSG00000104824.18,HNRNPL,13,14,15978,352
ENSG00000104885.19,DOT1L,2,28,68646,2786
ENSG00000105053.11,VRK3,13,15,49479,2626
ENSG00000105063.19,PPP6R1,13,24,29239,749
ENSG00000105197.11,TIMM50,4,11,13374,3959
ENSG00000105220.17,GPI,2,19,42934,2377
ENSG00000105246.6,EBI3,13,5,8006,440
ENSG00000105323.18,HNRNPUL1,1,15,45292,1222
ENSG00000105355.9,PLIN3,12,8,29354,851
ENSG00000105438.9,KDELR1,9,5,8977,718
ENSG00000105568.18,PPP2R1A,4,15,39471,3537
ENSG00000105576.16,TNPO2,13,26,24811,2145
ENSG00000105793.16,GTPBP10,14,10,56231,6299
ENSG00000105810.10,CDK6,9,8,231653,10219
ENSG00000105835.13,NAMPT,11,12,37669,2944
ENSG00000105849.6,POLR1F,3,4,13577,2855
ENSG00000105879.12,CBLL1,3,7,17719,2489
ENSG00000105887.11,MTPN,13,4,50600,3166
ENSG00000105939.14,ZC3HAV1,9,13,88608,4079
ENSG00000105968.19,H2AZ2,13,5,21297,3353
ENSG00000106070.20,GRB10,3,19,203400,2889
ENSG00000106080.11,FKBP14,13,5,16116,4148
ENSG00000106261.17,ZKSCAN1,13,8,26118,7492
ENSG00000106266.11,SNX8,3,11,102549,3286
ENSG00000106344.8,RBM28,14,19,46224,13112
ENSG00000106355.10,LSM5,8,6,9946,1923
ENSG00000106392.11,C1GALT1,13,4,91683,4889
ENSG00000106609.16,TMEM248,2,7,37327,3029
ENSG00000106636.9,YKT6,3,8,13336,2691
ENSG00000106799.13,TGFBR1,18,9,50155,4887
ENSG00000107290.14,SETX,1,26,93631,2883
ENSG00000107341.5,UBE2R2,12,5,103240,3162
ENSG00000107372.13,ZFAND5,13,7,13823,4540
ENSG00000107581.13,EIF3A,3,23,47154,2369
ENSG00000107625.14,DDX50,11,15,45562,217
ENSG00000108064.11,TFAM,2,8,13876,4146
ENSG00000108094.17,CUL2,12,23,118503,1807
ENSG00000108100.18,CCNY,2,12,325645,3499
ENSG00000108179.14,PPIF,14,6,7866,1492
ENSG00000108219.15,TSPAN14,3,12,78959,15148
ENSG00000108256.9,NUFIP2,13,4,38310,8700
ENSG00000108312.15,UBTF,13,21,16594,2209
ENSG00000108384.15,RAD51C,11,9,43039,1389
ENSG00000108423.15,TUBD1,13,9,33467,843
ENSG00000108439.11,PNPO,12,7,7803,2526
ENSG00000108510.10,MED13,2,30,122674,3863
ENSG00000108587.16,GOSR1,14,9,50231,5214
ENSG00000108588.15,CCDC47,1,14,31097,1626
ENSG00000108591.10,DRG2,12,13,20079,766
ENSG00000108671.11,PSMD11,13,14,38941,2688
ENSG00000108953.17,YWHAE,19,7,55948,2846
ENSG00000109046.15,WSB1,13,9,21851,3557
ENSG00000109084.14,TMEM97,12,4,9486,1892
ENSG00000109099.16,PMP22,13,6,42520,5457
ENSG00000109133.13,TMEM33,1,8,25675,6604
ENSG00000109171.15,SLAIN2,9,8,84673,4124
ENSG00000109180.15,OCIAD1,12,9,56606,9256
ENSG00000109332.20,UBE2D3,7,8,74514,3032
ENSG00000109381.21,ELF2,12,10,149107,1763
ENSG00000109445.11,ZNF330,13,10,13811,708
ENSG00000109519.13,GRPEL1,1,4,9170,1967
ENSG00000109572.15,CLCN3,13,14,111041,3676
ENSG00000109586.12,GALNT7,13,12,155157,2250
ENSG00000109917.11,ZPR1,13,14,14241,5126
ENSG00000110025.13,SNX15,12,8,13134,780
ENSG00000110066.15,KMT5B,13,12,58966,2825
ENSG00000110172.12,CHORDC1,13,12,22649,1976
ENSG00000110200.9,ANAPC15,13,6,6403,973
ENSG00000110315.7,RNF141,3,6,29558,3243
ENSG00000110344.10,UBE4A,13,20,39612,2771
ENSG00000110367.14,DDX6,13,14,43402,6949
ENSG00000110660.15,SLC35F2,12,11,137303,1668
ENSG00000110696.10,C11orf58,11,6,145209,3236
ENSG00000110721.12,CHKA,3,12,68586,1129
ENSG00000110880.11,CORO1C,2,11,86418,2294
ENSG00000110931.19,CAMKK2,13,19,60634,3100
ENSG00000110958.16,PTGES3,19,9,25068,1136
ENSG00000110987.9,BCL7A,13,6,42623,2881
ENSG00000111011.18,RSRC2,3,11,23547,2073
ENSG00000111142.14,METAP2,2,11,42320,1935
ENSG00000111247.15,RAD51AP1,9,11,21250,1054
ENSG00000111276.12,CDKN1B,12,4,36872,3423
ENSG00000111358.14,GTF2H3,14,13,28866,2369
ENSG00000111364.16,DDX55,13,14,18867,803
ENSG00000111371.16,SLC38A1,13,18,86955,5907
ENSG00000111412.6,SPRING1,3,5,27900,7639
ENSG00000111481.10,COPZ1,1,10,50645,1323
ENSG00000111530.13,CAND1,2,15,50596,7123
ENSG00000111596.14,CNOT2,13,17,111992,1801
ENSG00000111605.18,CPSF6,1,12,34790,11799
ENSG00000111615.14,KRR1,9,10,20774,8946
ENSG00000111725.11,PRKAB1,9,8,13761,1299
ENSG00000111737.12,RAB35,2,7,22404,2146
ENSG00000111790.14,FGFR1OP2,1,7,28181,1917
ENSG00000111843.14,TMEM14C,12,6,8215,461
ENSG00000111875.8,ASF1A,1,4,15020,1557
ENSG00000111885.7,MAN1A1,1,13,172557,2614
ENSG00000111897.7,SERINC1,12,10,28457,1693
ENSG00000112031.16,MTRF1L,13,7,15348,2723
ENSG00000112062.11,MAPK14,13,13,83560,2789
ENSG00000112077.18,RHAG,13,10,31665,1583
ENSG00000112078.14,KCTD20,9,8,48377,3968
ENSG00000112081.17,SRSF3,3,7,11248,3611
ENSG00000112146.17,FBXO9,13,13,48883,3043
ENSG00000112200.17,ZNF451,1,15,83462,7620
ENSG00000112208.11,BAG2,1,3,17508,5643
ENSG00000112237.13,CCNC,12,13,26439,1720
ENSG00000112249.14,ASCC3,13,42,373179,2805
ENSG00000112308.13,C6orf62,1,5,15138,1276
ENSG00000112339.15,HBS1L,4,18,142679,4901
ENSG00000112419.15,PHACTR2,9,13,294341,7496
ENSG00000112531.17,QKI,1,8,164593,7882
ENSG00000112651.12,MRPL2,13,7,5410,580
ENSG00000112697.17,TMEM30A,1,8,32025,3178
ENSG00000112701.18,SENP6,13,24,116773,2687
ENSG00000112851.15,ERBIN,1,26,155991,4016
ENSG00000112972.15,HMGCS1,1,11,26043,3661
ENSG00000112992.18,NNT,3,23,104714,3001
ENSG00000112996.11,MRPS30,9,5,11482,312
ENSG00000113068.10,PFDN1,10,5,58079,36334
ENSG00000113161.17,HMGCR,1,21,27673,3659
ENSG00000113194.13,FAF2,13,11,62447,3124
ENSG00000113272.14,THG1L,12,6,10030,1967
ENSG00000113282.14,CLINT1,13,12,73403,1903
ENSG00000113300.13,CNOT6,1,14,83980,4158
ENSG00000113318.11,MSH3,14,25,222164,953
ENSG00000113368.12,LMNB1,1,12,60398,756
ENSG00000113460.13,BRIX1,14,10,10320,501
ENSG00000113569.16,NUP155,1,35,82970,3763
ENSG00000113575.10,PPP2CA,1,7,31742,3440
ENSG00000113643.9,RARS1,13,15,32851,111
ENSG00000113648.17,MACROH2A1,9,10,65534,595
ENSG00000113712.19,CSNK1A1,1,13,58490,3871
ENSG00000113742.14,CPEB4,13,10,73632,5843
ENSG00000113758.14,DBN1,13,15,17794,825
ENSG00000113810.16,SMC4,1,24,35681,1144
ENSG00000113811.12,SELENOK,13,5,7469,1141
ENSG00000114030.13,KPNA1,13,15,93044,5083
ENSG00000114062.22,UBE3A,9,17,105324,6353
ENSG00000114098.18,ARMC8,3,23,111137,2492
ENSG00000114120.14,SLC25A36,9,9,39166,4542
ENSG00000114126.18,TFDP2,1,14,205117,8085
ENSG00000114316.13,USP4,9,22,63569,1149
ENSG00000114353.17,GNAI2,12,10,33071,1672
ENSG00000114416.18,FXR1,1,18,114613,6461
ENSG00000114439.19,BBX,12,18,288404,5882
ENSG00000114450.11,GNB4,13,10,55389,5125
ENSG00000114520.11,SNX4,1,14,73553,1129
ENSG00000114738.11,MAPKAPK3,12,13,37772,1245
ENSG00000114744.9,COMMD2,12,6,14024,3049
ENSG00000114796.16,KLHL24,13,9,48910,5233
ENSG00000114857.19,NKTR,13,19,48081,2760
ENSG00000114978.18,MOB1A,2,6,26371,4040
ENSG00000115091.12,ACTR3,12,12,72534,8838
ENSG00000115233.12,PSMD14,3,12,103293,317
ENSG00000115306.16,SPTBN1,12,38,215130,2877
ENSG00000115310.19,RTN4,14,9,140435,969
ENSG00000115392.12,FANCL,13,14,82130,522
ENSG00000115419.13,GLS,9,18,84732,2566
ENSG00000115486.13,GGCX,9,16,16813,5214
ENSG00000115514.12,TXNDC9,3,5,21721,700
ENSG00000115540.15,MOB4,14,8,38129,3053
ENSG00000115561.16,CHMP3,1,6,60050,2374
ENSG00000115806.13,GORASP2,3,11,38667,1000
ENSG00000115866.11,DARS1,9,16,80220,1435
ENSG00000115942.9,ORC2,13,18,54704,2324
ENSG00000115946.8,PNO1,13,7,18351,1436
ENSG00000115947.14,ORC4,2,15,91209,5114
ENSG00000115966.18,ATF2,9,17,96133,2359
ENSG00000116001.17,TIA1,13,13,39217,3275
ENSG00000116005.12,PCYOX1,13,6,23800,3793
ENSG00000116017.11,ARID3A,3,9,50159,3874
ENSG00000116171.19,SCP2,3,17,124423,3706
ENSG00000116198.14,CEP104,14,23,45311,3316
ENSG00000116209.12,TMEM59,16,8,26824,5469
ENSG00000116251.11,RPL22,16,4,24370,1652
ENSG00000116455.14,WDR77,13,10,9367,1340
ENSG00000116459.11,ATP5PB,19,7,13910,1779
ENSG00000116473.15,RAP1A,13,9,174474,7456
ENSG00000116580.20,GON4L,14,32,109742,925
ENSG00000116663.11,FBXO6,6,6,10155,503
ENSG00000116679.16,IVNS1ABP,12,16,20886,1647
ENSG00000116685.16,KIAA2013,2,4,6838,724
ENSG00000116750.14,UCHL5,1,12,47831,4584
ENSG00000116754.14,SRSF11,12,16,47371,2247
ENSG00000116857.17,TMEM9,1,6,36803,891
ENSG00000116918.15,TSNAX,9,6,37984,1619
ENSG00000116922.15,C1orf109,13,7,10680,1553
ENSG00000116984.15,MTR,12,33,126019,6337
ENSG00000117155.17,SSX2IP,1,16,47098,3727
ENSG00000117280.13,RAB29,9,6,7497,2356
ENSG00000117394.24,SLC2A1,9,10,33541,1688
ENSG00000117481.11,NSUN4,13,6,24364,18390
ENSG00000117505.13,DR1,14,4,23587,8854
ENSG00000117543.22,DPH5,13,9,36466,785
ENSG00000117592.9,PRDX6,16,5,11486,952
ENSG00000117597.18,UTP25,13,12,29594,6118
ENSG00000117614.10,SYF2,3,7,10227,990
ENSG00000117620.15,SLC35A3,9,9,66284,13158
ENSG00000117640.18,MTFR1L,1,7,14303,3158
ENSG00000117691.10,NENF,9,4,13460,373
ENSG00000117713.21,ARID1A,1,20,88869,1348
ENSG00000117724.14,CENPF,9,20,61377,777
ENSG00000117868.18,ESYT2,13,23,99259,3212
ENSG00000117877.11,POLR1G,13,3,4094,1236
ENSG00000117906.14,RCN2,9,8,22656,5171
ENSG00000118046.17,STK11,8,10,50874,4351
ENSG00000118058.24,KMT2A,1,37,90377,4660
ENSG00000118246.14,FASTKD2,14,12,30833,4387
ENSG00000118260.15,CREB1,13,9,76252,8930
ENSG00000118363.13,SPCS2,16,5,29773,1990
ENSG00000118418.14,HMGN3,3,7,33494,468
ENSG00000118482.12,PHF3,13,17,143535,12303
ENSG00000118513.20,MYB,9,17,37866,15930
ENSG00000118579.13,MED28,13,6,19465,10307
ENSG00000118620.13,ZNF430,12,5,39417,2610
ENSG00000118689.15,FOXO3,9,4,124940,19919
ENSG00000118707.11,TGIF2,9,4,20463,2519
ENSG00000118816.11,CCNI,1,7,29155,1064
ENSG00000118855.21,MFSD1,9,16,97522,737
ENSG00000118873.17,RAB3GAP2,1,36,124237,2958
ENSG00000118971.9,CCND2,2,6,35583,5344
ENSG00000119004.17,CYP20A1,11,13,67050,9118
ENSG00000119041.11,GTF3C3,1,19,36691,1528
ENSG00000119231.11,SENP5,1,10,66859,3791
ENSG00000119285.11,HEATR1,14,45,55512,1897
ENSG00000119314.16,PTBP3,2,15,115949,6135
ENSG00000119335.18,SET,10,9,12977,1736
ENSG00000119396.11,RAB14,1,8,44882,3263
ENSG00000119414.12,PPP6C,3,8,43367,3100
ENSG00000119446.14,RBM18,1,7,27219,4262
ENSG00000119471.15,HSDL2,1,11,92326,1861
ENSG00000119487.17,MAPKAP1,2,12,269842,1494
ENSG00000119661.15,DNAL1,9,9,58858,7790
ENSG00000119707.14,RBM25,13,20,65368,4094
ENSG00000119772.19,DNMT3A,13,24,114736,6424
ENSG00000119787.14,ATL2,13,13,83332,2040
ENSG00000119820.11,YIPF4,13,6,38691,10968
ENSG00000119906.13,SLF2,9,21,52172,3222
ENSG00000119912.18,IDE,4,26,122413,2760
ENSG00000119953.14,SMNDC1,1,6,14209,3420
ENSG00000120053.12,GOT1,1,9,33755,677
ENSG00000120137.7,PANK3,1,7,30874,9076
ENSG00000120253.14,NUP43,3,8,25351,2654
ENSG00000120334.16,CENPL,14,7,25334,898
ENSG00000120526.12,NUDCD1,1,11,93203,4301
ENSG00000120539.15,MASTL,13,12,33130,1417
ENSG00000120616.16,EPC1,9,15,111048,1312
ENSG00000120656.14,TAF12,12,9,60463,1967
ENSG00000120686.12,UFM1,10,6,13771,2841
ENSG00000120690.16,ELF1,13,9,129517,1501
ENSG00000120705.13,ETF1,1,11,37142,2210
ENSG00000120727.13,PAIP2,7,4,28134,922
ENSG00000120738.8,EGR1,13,2,3825,1222
ENSG00000120742.11,SERP1,7,4,61231,2460
ENSG00000120802.14,TMPO,18,9,34773,2493
ENSG00000120805.14,ARL1,1,6,14657,2524
ENSG00000120833.14,SOCS2,13,3,13674,3000
ENSG00000120837.8,NFYB,13,9,21156,2651
ENSG00000120992.18,LYPLA1,9,9,55651,1698
ENSG00000121067.19,SPOP,9,13,79280,1494
ENSG00000121152.10,NCAPH,4,18,41326,3740
ENSG00000121481.11,RNF2,2,7,57078,2302
ENSG00000121486.12,TRMT1L,1,15,38972,1918
ENSG00000121579.14,NAA50,3,5,29843,5302
ENSG00000121644.19,DESI2,9,5,55931,3244
ENSG00000121766.16,ZCCHC17,13,9,67972,899
ENSG00000121851.13,POLR3GL,12,8,14159,401
ENSG00000121864.10,ZNF639,14,7,15553,4161
ENSG00000121892.15,PDS5A,1,33,155094,2622
ENSG00000122068.13,FYTTD1,1,10,50418,5687
ENSG00000122203.15,KIAA1191,13,9,15746,1538
ENSG00000122218.16,COPA,12,33,54680,1563
ENSG00000122378.14,PRXL2A,9,6,29287,5016
ENSG00000122417.15,ODF2L,9,18,49519,5367
ENSG00000122435.11,TRMT13,9,11,17347,1676
ENSG00000122484.9,RPAP2,17,13,102998,NA
ENSG00000122545.21,SEPTIN7,1,14,106179,2817
ENSG00000122565.19,CBX3,7,6,12446,1646
ENSG00000122643.23,NT5C3A,9,11,48667,600
ENSG00000122692.9,SMU1,13,12,34910,5528
ENSG00000122779.18,TRIM24,13,19,129738,5045
ENSG00000122873.12,CISD1,13,5,20425,1936
ENSG00000122958.15,VPS26A,12,10,50901,3143
ENSG00000123066.9,MED13L,13,31,319789,2690
ENSG00000123200.17,ZC3H13,2,19,98295,2662
ENSG00000123219.13,CENPK,9,11,45403,709
ENSG00000123353.10,ORMDL2,14,4,3839,1484
ENSG00000123374.11,CDK2,13,8,6009,1164
ENSG00000123505.19,AMD1,13,9,24110,4879
ENSG00000123684.13,LPGAT1,9,8,87307,6442
ENSG00000123739.11,PLA2G12A,14,4,20082,4388
ENSG00000123908.12,AGO2,13,19,115478,11888
ENSG00000123933.17,MXD4,3,6,14678,3112
ENSG00000123983.15,ACSL3,2,18,83698,2985
ENSG00000123992.20,DNPEP,4,16,27980,2249
ENSG00000124098.10,FAM210B,10,3,9690,2376
ENSG00000124151.19,NCOA3,13,23,154991,3460
ENSG00000124164.16,VAPB,12,6,61873,6866
ENSG00000124172.10,ATP5F1E,9,3,6871,4831
ENSG00000124222.22,STX16,13,10,28274,3235
ENSG00000124226.11,RNF114,10,6,17550,1744
ENSG00000124357.13,NAGK,9,10,15465,1300
ENSG00000124444.16,ZNF576,4,3,4766,1899
ENSG00000124486.14,USP9X,13,45,151135,4055
ENSG00000124532.15,MRS2,9,12,23287,2500
ENSG00000124571.18,XPO5,10,32,53705,1534
ENSG00000124659.7,TBCC,9,1,1606,535
ENSG00000124766.7,SOX4,13,1,4869,2660
ENSG00000124767.7,GLO1,1,6,27221,1370
ENSG00000124782.21,RREB1,1,13,144384,3012
ENSG00000124789.12,NUP153,13,23,91891,1062
ENSG00000125107.19,CNOT1,14,50,109935,1007
ENSG00000125257.16,ABCC4,12,33,281641,1740
ENSG00000125304.10,TM9SF2,1,19,117738,1290
ENSG00000125354.24,SEPTIN6,9,11,77647,9652
ENSG00000125484.12,GTF3C4,1,5,24919,6008
ENSG00000125629.16,INSIG2,14,6,22546,2675
ENSG00000125630.16,POLR1B,9,16,37904,4089
ENSG00000125651.14,GTF2F1,6,13,14410,709
ENSG00000125676.20,THOC2,9,39,132496,10375
ENSG00000125753.14,VASP,1,13,20405,806
ENSG00000125821.13,DTD1,15,7,178703,22392
ENSG00000125868.16,DSTN,1,5,39845,2773
ENSG00000125885.13,MCM8,13,19,48326,4586
ENSG00000126003.7,PLAGL2,13,3,15240,3948
ENSG00000126070.20,AGO3,13,21,141783,16755
ENSG00000126091.21,ST3GAL3,12,14,225342,31898
ENSG00000126261.13,UBA2,12,17,42900,2030
ENSG00000126522.17,ASL,14,17,18898,664
ENSG00000126581.13,BECN1,13,12,23217,626
ENSG00000126653.18,NSRP1,13,8,70955,10082
ENSG00000126882.13,FAM78A,9,4,18435,2746
ENSG00000126883.18,NUP214,6,36,109078,1176
ENSG00000126953.8,TIMM8A,3,3,3082,2726
ENSG00000127022.16,CANX,9,16,53014,3117
ENSG00000127314.18,RAP1B,7,9,61047,14714
ENSG00000127463.16,EMC1,9,24,35893,3643
ENSG00000127511.10,SIN3B,13,20,50956,1626
ENSG00000127526.15,SLC35E1,9,6,22585,3842
ENSG00000127554.13,GFER,6,3,3557,1721
ENSG00000127603.32,MACF1,9,101,405862,1818
ENSG00000127884.5,ECHS1,19,8,10870,383
ENSG00000127947.16,PTPN12,13,18,102775,789
ENSG00000128050.9,PAICS,3,10,28838,5040
ENSG00000128059.8,PPAT,1,11,42254,1990
ENSG00000128581.17,IFT22,17,6,10910,4220
ENSG00000128595.17,CALU,1,8,34109,4233
ENSG00000128607.14,KLHDC10,2,10,65172,4959
ENSG00000128609.16,NDUFA5,7,7,20908,5122
ENSG00000128699.14,ORMDL1,17,5,14098,1500
ENSG00000128731.18,HERC2,2,93,211140,723
ENSG00000128791.12,TWSG1,2,7,67654,2893
ENSG00000128805.15,ARHGAP22,12,11,210230,355
ENSG00000128915.12,ICE2,9,16,59552,4025
ENSG00000128923.11,MINDY2,9,9,90709,7290
ENSG00000128944.14,KNSTRN,4,10,11568,2183
ENSG00000128989.11,ARPP19,5,6,22839,4889
ENSG00000129071.10,MBD4,14,8,9233,554
ENSG00000129103.19,SUMF2,13,10,16669,1058
ENSG00000129128.13,SPCS3,2,5,12280,3915
ENSG00000129187.15,DCTD,1,7,27877,1308
ENSG00000129351.17,ILF3,12,20,38157,3105
ENSG00000129493.15,HEATR5A,13,36,128763,1517
ENSG00000129515.20,SNX6,12,15,69068,2029
ENSG00000129625.13,REEP5,3,6,45905,2401
ENSG00000129636.13,ITFG1,13,18,309763,2322
ENSG00000129657.16,SEC14L1,12,20,128353,3078
ENSG00000129810.15,SGO1,9,9,25614,1223
ENSG00000129993.15,CBFA2T3,1,12,102350,2118
ENSG00000130164.14,LDLR,9,18,44359,2504
ENSG00000130227.17,XPO7,13,28,86924,1497
ENSG00000130294.18,KIF1A,4,50,110533,3603
ENSG00000130340.17,SNX9,13,19,244691,2239
ENSG00000130402.13,ACTN4,1,21,83941,2157
ENSG00000130669.17,PAK4,11,11,57047,4237
ENSG00000130713.17,EXOSC2,13,10,13568,1118
ENSG00000130741.11,EIF2S3,7,12,23865,2025
ENSG00000130810.20,PPAN,14,12,5651,847
ENSG00000130818.12,ZNF426,9,8,15423,5157
ENSG00000130826.18,DKC1,9,15,14948,2979
ENSG00000130921.9,MTRFR,9,4,24695,2551
ENSG00000130939.20,UBE4B,1,29,148408,1283
ENSG00000131051.24,RBM39,8,19,40966,3134
ENSG00000131149.19,GSE1,1,16,506680,3665
ENSG00000131153.9,GINS2,13,5,13876,2014
ENSG00000131171.13,SH3BGRL,13,5,96446,1320
ENSG00000131236.18,CAP1,9,13,32417,1116
ENSG00000131370.16,SH3BP5,13,11,87016,1733
ENSG00000131467.12,PSME3,13,13,19376,2182
ENSG00000131470.15,PSMC3IP,12,9,5522,658
ENSG00000131482.10,G6PC1,13,5,13642,3012
ENSG00000131504.18,DIAPH1,13,29,104040,1949
ENSG00000131507.11,NDFIP1,3,8,45662,9766
ENSG00000131653.13,TRAF7,10,21,22432,1555
ENSG00000131669.10,NINJ1,9,5,12756,3412
ENSG00000131711.15,MAP1B,9,7,102332,4326
ENSG00000131732.12,ZCCHC9,9,6,11711,635
ENSG00000131844.17,MCCC2,2,21,79176,1846
ENSG00000131944.10,FAAP24,11,5,6021,1547
ENSG00000132002.9,DNAJB1,1,6,45623,1654
ENSG00000132254.13,ARFIP2,14,8,6797,2430
ENSG00000132300.19,PTCD3,4,24,35935,4598
ENSG00000132388.13,UBE2G1,2,7,97417,13576
ENSG00000132424.17,PNISR,2,13,27703,2652
ENSG00000132463.15,GRSF1,1,10,24115,8536
ENSG00000132466.20,ANKRD17,9,34,185423,2855
ENSG00000132467.4,UTP3,1,1,2020,434
ENSG00000132475.10,H3-3B,7,4,9460,2161
ENSG00000132581.10,SDF2,9,4,13844,643
ENSG00000132603.15,NIP7,3,5,5111,1454
ENSG00000132604.11,TERF2,12,10,53005,1767
ENSG00000132670.21,PTPRA,13,24,165657,943
ENSG00000132823.11,OSER1,13,6,14833,1113
ENSG00000132906.18,CASP9,14,9,35703,2952
ENSG00000133028.12,SCO1,1,7,25902,8645
ENSG00000133112.17,TPT1,17,6,7814,4005
ENSG00000133193.13,FAM104A,3,4,29401,2176
ENSG00000133226.18,SRRM1,13,18,41566,995
ENSG00000133250.14,ZNF414,17,8,4490,1013
ENSG00000133313.15,CNDP2,9,12,27639,3386
ENSG00000133318.14,RTN3,13,9,78446,1690
ENSG00000133393.13,CEP20,1,6,22907,1721
ENSG00000133460.20,SLC2A11,12,13,29610,1463
ENSG00000133606.11,MKRN1,1,8,26504,1484
ENSG00000133639.6,BTG1,1,2,5569,3802
ENSG00000133657.17,ATP13A3,9,34,95693,3245
ENSG00000133703.14,KRAS,9,6,45691,10195
ENSG00000133706.19,LARS1,4,33,72131,3540
ENSG00000133818.14,RRAS2,13,6,86585,1415
ENSG00000134049.6,IER3IP1,7,3,23531,3343
ENSG00000134077.16,THUMPD3,13,10,23821,2103
ENSG00000134086.8,VHL,3,3,11890,3702
ENSG00000134107.5,BHLHE40,1,5,5887,1631
ENSG00000134108.14,ARL8B,7,7,58663,2198
ENSG00000134152.11,KATNBL1,13,10,69423,1665
ENSG00000134186.12,PRPF38B,1,7,10619,2908
ENSG00000134287.10,ARF3,8,6,21765,3224
ENSG00000134291.12,TMEM106C,1,8,5310,649
ENSG00000134294.14,SLC38A2,1,16,14586,2923
ENSG00000134308.14,YWHAQ,5,6,47031,1319
ENSG00000134318.15,ROCK2,13,33,168572,3678
ENSG00000134333.14,LDHA,1,8,13866,1144
ENSG00000134375.11,TIMM17A,3,7,15162,1110
ENSG00000134440.12,NARS1,13,14,21558,996
ENSG00000134453.16,RBM17,8,12,28424,1901
ENSG00000134461.16,ANKRD16,13,8,28291,16514
ENSG00000134602.16,STK26,13,13,52642,1784
ENSG00000134644.16,PUM1,13,22,134486,1705
ENSG00000134717.18,BTF3L4,10,7,34518,3958
ENSG00000134748.13,PRPF38A,3,10,16235,4146
ENSG00000134758.14,RNF138,18,8,39688,2537
ENSG00000134759.14,ELP2,11,23,51114,5916
ENSG00000134897.14,BIVM,9,12,42415,1668
ENSG00000134900.12,TPP2,1,30,82973,1642
ENSG00000134970.14,TMED7,1,3,19783,2999
ENSG00000134987.13,WDR36,1,23,38182,3619
ENSG00000134996.12,OSTF1,13,10,58752,524
ENSG00000135018.14,UBQLN1,2,11,47991,1819
ENSG00000135040.16,NAA35,2,23,84317,3502
ENSG00000135045.7,C9orf40,13,2,6330,1465
ENSG00000135070.15,ISCA1,1,4,18557,1497
ENSG00000135245.10,HILPDA,9,2,2570,958
ENSG00000135249.8,RINT1,11,15,35509,366
ENSG00000135297.17,MTO1,11,14,47659,8501
ENSG00000135316.19,SYNCRIP,2,13,36285,5103
ENSG00000135334.9,AKIRIN2,1,5,27374,737
ENSG00000135341.18,MAP3K7,1,17,73500,3076
ENSG00000135387.21,CAPRIN1,1,19,50880,3243
ENSG00000135457.11,TFCP2,1,16,79480,1585
ENSG00000135486.19,HNRNPA1,15,11,6896,3125
ENSG00000135549.15,PKIB,12,8,254457,1178
ENSG00000135679.27,MDM2,9,12,37368,5695
ENSG00000135720.13,DYNC1LI2,1,13,30717,2829
ENSG00000135763.10,URB2,1,10,33954,903
ENSG00000135776.5,ABCB10,1,13,42126,1597
ENSG00000135778.12,NTPCR,3,5,33278,5651
ENSG00000135821.19,GLUL,7,8,14109,6307
ENSG00000135829.17,DHX9,13,28,48636,548
ENSG00000135837.16,CEP350,13,38,160103,3714
ENSG00000135838.14,NPL,6,14,41092,4564
ENSG00000135900.4,MRPL44,2,4,10252,680
ENSG00000135930.15,EIF4E2,13,8,32986,9334
ENSG00000135940.7,COX5B,9,5,2322,275
ENSG00000135966.13,TGFBRAP1,13,12,65345,2992
ENSG00000135974.10,C2orf49,14,5,11680,3840
ENSG00000136045.12,PWP1,3,15,27364,942
ENSG00000136108.15,CKAP2,1,9,21200,1487
ENSG00000136231.14,IGF2BP3,13,15,160283,2153
ENSG00000136238.18,RAC1,3,7,29441,1521
ENSG00000136261.16,BZW2,9,12,60393,16646
ENSG00000136279.21,DBNL,4,13,24817,8540
ENSG00000136381.13,IREB2,2,22,64023,3310
ENSG00000136436.15,CALCOCO2,9,14,35505,2240
ENSG00000136504.13,KAT7,17,16,46379,7524
ENSG00000136521.13,NDUFB5,1,7,22958,3607
ENSG00000136522.14,MRPL47,14,7,16365,587
ENSG00000136527.19,TRA2B,10,10,23546,3157
ENSG00000136536.15,MARCHF7,12,12,58571,3685
ENSG00000136636.13,KCTD3,13,18,54504,1189
ENSG00000136709.12,WDR33,14,22,110161,5296
ENSG00000136718.10,IMP4,10,9,5091,1499
ENSG00000136731.13,UGGT1,3,41,104478,5935
ENSG00000136754.18,ABI1,9,12,114495,1977
ENSG00000136758.20,YME1L1,1,20,45156,2007
ENSG00000136807.14,CDK9,9,7,5114,1249
ENSG00000136819.15,C9orf78,1,9,8574,871
ENSG00000136827.12,TOR1A,2,6,11303,5229
ENSG00000136842.14,TMOD1,12,10,100564,2045
ENSG00000136868.11,SLC31A1,13,5,42949,4019
ENSG00000136874.11,STX17,13,8,67881,5861
ENSG00000136888.8,ATP6V1G1,3,4,11210,1136
ENSG00000136929.13,HEMGN,13,5,18066,593
ENSG00000136932.15,TRMO,4,5,18012,2619
ENSG00000136936.11,XPA,1,7,22432,530
ENSG00000136937.13,NCBP1,9,23,40081,2549
ENSG00000136938.9,ANP32B,4,7,32603,512
ENSG00000136950.13,ARPC5L,3,6,15604,793
ENSG00000136986.10,DERL1,3,8,29133,2277
ENSG00000137038.8,DMAC1,13,3,91881,2073
ENSG00000137076.21,TLN1,6,57,35248,843
ENSG00000137124.8,ALDH1B1,13,2,5960,1359
ENSG00000137331.12,IER3,9,2,1350,903
ENSG00000137364.5,TPMT,13,9,26767,2357
ENSG00000137486.17,ARRB1,12,16,91584,6041
ENSG00000137500.10,CCDC90B,17,9,27310,3984
ENSG00000137504.15,CREBZF,9,5,25167,5821
ENSG00000137575.12,SDCBP,13,10,29936,1119
ENSG00000137714.3,FDX1,3,4,34937,2416
ENSG00000137776.17,SLTM,13,21,54630,18157
ENSG00000137814.12,HAUS2,11,7,21167,3178
ENSG00000137876.11,RSL24D1,1,8,16244,1346
ENSG00000137947.12,GTF2B,12,7,39312,580
ENSG00000137992.15,DBT,1,12,62916,9336
ENSG00000137996.13,RTCA,3,12,26554,1265
ENSG00000138029.14,HADHB,3,16,47296,512
ENSG00000138032.21,PPM1B,6,6,76416,2301
ENSG00000138035.15,PNPT1,4,29,59803,2176
ENSG00000138071.15,ACTR2,1,10,43466,2519
ENSG00000138092.11,CENPO,12,8,29241,4570
ENSG00000138095.20,LRPPRC,1,39,110003,2376
ENSG00000138160.7,KIF11,1,23,81291,1599
ENSG00000138279.16,ANXA7,13,13,38976,994
ENSG00000138398.17,PPIG,2,15,57065,3883
ENSG00000138430.16,OLA1,12,11,176153,2979
ENSG00000138433.16,CIR1,9,10,47691,475
ENSG00000138449.11,SLC40A1,1,8,23169,1288
ENSG00000138600.10,SPPL2A,14,15,63444,5534
ENSG00000138674.17,SEC31A,9,29,82658,693
ENSG00000138685.17,FGF2,9,3,71529,5840
ENSG00000138744.16,NAAA,9,11,27354,1244
ENSG00000138750.15,NUP54,13,12,33786,702
ENSG00000138756.19,BMP2K,9,16,140024,4332
ENSG00000138757.15,G3BP2,9,15,82741,3765
ENSG00000138768.15,USO1,13,26,89710,991
ENSG00000138777.20,PPA2,15,13,104991,648
ENSG00000138795.10,LEF1,12,12,121412,16081
ENSG00000139146.14,SINHCAF,9,6,46475,2128
ENSG00000139163.16,ETNK1,1,9,65591,5711
ENSG00000139233.7,LLPH,1,3,14196,7285
ENSG00000139291.14,TMEM19,11,6,18966,4052
ENSG00000139372.15,TDG,13,11,23053,1784
ENSG00000139613.12,SMARCC2,13,30,27209,1330
ENSG00000139629.16,GALNT6,13,12,41621,3132
ENSG00000139644.13,TMBIM6,5,11,57210,2038
ENSG00000139668.9,WDFY2,9,12,183255,7940
ENSG00000139697.14,SBNO1,2,32,75739,6799
ENSG00000139726.11,DENR,1,8,18241,1986
ENSG00000139734.19,DIAPH3,1,28,498346,1001
ENSG00000139746.16,RBM26,13,22,94654,3146
ENSG00000139842.15,CUL4A,2,20,58916,3526
ENSG00000139921.13,TMX1,1,8,17494,3136
ENSG00000140025.16,EFCAB11,17,9,160109,2574
ENSG00000140105.18,WARS1,13,12,43016,1085
ENSG00000140157.16,NIPA2,1,8,30719,2515
ENSG00000140263.15,SORD,13,9,54039,3655
ENSG00000140299.13,BNIP2,3,10,30389,4923
ENSG00000140350.15,ANP32A,12,7,42363,3969
ENSG00000140391.15,TSPAN3,4,7,42581,5431
ENSG00000140395.9,WDR61,12,11,21869,416
ENSG00000140497.16,SCAMP2,12,9,29636,1639
ENSG00000140525.19,FANCI,1,39,73317,802
ENSG00000140575.13,IQGAP1,9,39,113998,2131
ENSG00000140740.11,UQCRC2,14,14,30373,489
ENSG00000140905.11,GCSH,1,5,14451,5231
ENSG00000140941.14,MAP1LC3B,3,5,20827,1682
ENSG00000140992.19,PDPK1,9,14,65210,5421
ENSG00000141027.22,NCOR1,9,46,189029,3139
ENSG00000141034.10,GID4,13,6,28998,3162
ENSG00000141367.12,CLTC,13,32,77268,3104
ENSG00000141380.14,SS18,1,11,74965,2101
ENSG00000141429.14,GALNT1,12,12,130718,2064
ENSG00000141582.15,CBX4,12,5,6285,803
ENSG00000141696.13,P3H4,13,9,10658,1010
ENSG00000141858.12,SAMD1,13,5,3186,566
ENSG00000141867.19,BRD4,2,20,97027,2858
ENSG00000141905.19,NFIC,4,11,154815,6542
ENSG00000142166.13,IFNAR1,13,11,35436,4315
ENSG00000142405.22,NLRP12,12,10,30654,308
ENSG00000142409.6,ZNF787,11,3,33930,1187
ENSG00000142453.12,CARM1,13,16,51523,1318
ENSG00000142541.18,RPL13A,17,8,5548,1242
ENSG00000142634.13,EFHD2,13,5,20452,1615
ENSG00000142657.21,PGD,1,13,21920,762
ENSG00000142687.18,KIAA0319L,13,21,124459,1402
ENSG00000142751.15,GPN2,11,5,14152,3545
ENSG00000142864.15,SERBP1,9,8,22606,5397
ENSG00000142892.15,PIGK,1,11,130442,3385
ENSG00000142949.17,PTPRF,13,34,98480,1663
ENSG00000143013.13,LMO4,1,5,20044,4127
ENSG00000143033.18,MTF2,13,16,59845,2052
ENSG00000143164.16,DCAF6,13,22,140061,408
ENSG00000143178.13,TBX19,13,8,33550,1424
ENSG00000143179.16,UCK2,3,8,84005,3795
ENSG00000143190.23,POU2F1,9,18,206470,11535
ENSG00000143207.21,COP1,12,21,262456,322
ENSG00000143319.17,ISG20L2,9,4,6876,1458
ENSG00000143321.19,HDGF,1,8,24817,1340
ENSG00000143337.19,TOR1AIP1,3,11,38036,1838
ENSG00000143374.18,TARS2,12,18,20189,538
ENSG00000143376.14,SNX27,9,12,87086,5490
ENSG00000143401.15,ANP32E,2,7,17740,6087
ENSG00000143409.17,MINDY1,13,11,11828,738
ENSG00000143442.22,POGZ,13,19,56771,2078
ENSG00000143498.18,TAF1A,13,12,32032,758
ENSG00000143549.21,TPM3,19,10,39345,6124
ENSG00000143569.19,UBAP2L,9,27,51332,591
ENSG00000143633.13,C1orf131,9,7,17425,1704
ENSG00000143641.10,GALNT2,7,16,224133,2664
ENSG00000143653.10,SCCPDH,13,12,43729,837
ENSG00000143702.16,CEP170,13,20,130921,2021
ENSG00000143751.10,SDE2,1,7,16642,2600
ENSG00000143753.13,DEGS1,1,4,17686,963
ENSG00000143756.12,FBXO28,2,5,47937,4301
ENSG00000143761.16,ARF1,19,6,16553,1199
ENSG00000143811.20,PYCR2,12,7,4464,578
ENSG00000143870.13,PDIA6,1,15,54587,867
ENSG00000143889.16,HNRNPLL,11,14,41618,2213
ENSG00000144021.3,CIAO1,4,7,8015,2822
ENSG00000144043.12,TEX261,9,6,8932,2658
ENSG00000144120.13,TMEM177,9,3,7341,793
ENSG00000144161.14,ZC3H8,14,9,43608,19389
ENSG00000144199.12,FAHD2B,6,9,11300,172
ENSG00000144224.17,UBXN4,3,13,43323,2169
ENSG00000144231.11,POLR2D,1,4,14603,4554
ENSG00000144366.16,GULP1,13,13,304263,6984
ENSG00000144560.16,VGLL4,9,7,215282,2487
ENSG00000144566.11,RAB5A,1,7,38079,1352
ENSG00000144567.11,RETREG2,13,9,9251,2846
ENSG00000144635.9,DYNC1LI1,8,13,44885,825
ENSG00000144744.17,UBA3,1,18,25679,707
ENSG00000144746.7,ARL6IP5,13,4,21156,1456
ENSG00000145248.7,SLC10A4,3,3,6184,587
ENSG00000145283.8,SLC10A6,9,6,25917,220
ENSG00000145287.11,PLAC8,13,8,47028,4639
ENSG00000145332.14,KLHL8,9,10,80212,3416
ENSG00000145337.5,PYURF,12,2,2779,890
ENSG00000145386.11,CCNA2,14,8,7440,1194
ENSG00000145495.16,MARCHF6,5,26,86694,6704
ENSG00000145725.20,PPIP5K2,13,33,92651,11165
ENSG00000145740.20,SLC30A5,13,16,37079,1452
ENSG00000145779.8,TNFAIP8,13,3,130997,6307
ENSG00000145782.13,ATG12,12,6,13638,3604
ENSG00000145919.11,BOD1,13,4,9515,2094
ENSG00000146007.11,ZMAT2,13,6,8007,930
ENSG00000146223.16,RPL7L1,1,7,10310,3461
ENSG00000146247.14,PHIP,9,40,143836,6274
ENSG00000146433.10,TMEM181,13,17,98994,3541
ENSG00000146463.12,ZMYM4,2,30,153350,2381
ENSG00000146731.11,CCT6A,3,14,12305,904
ENSG00000146842.17,TMEM209,13,15,43058,1738
ENSG00000146963.18,LUC7L2,1,11,83099,1117
ENSG00000147162.14,OGT,13,22,42789,2098
ENSG00000147316.15,MCPH1,9,15,241917,5459
ENSG00000147324.11,MFHAS1,9,4,110277,2668
ENSG00000147454.14,SLC25A37,9,4,46508,3608
ENSG00000147526.20,TACC1,9,15,124843,5005
ENSG00000147533.18,GOLGA7,1,6,22896,3989
ENSG00000147536.12,GINS4,1,8,15813,3127
ENSG00000147654.15,EBAG9,3,8,26286,1437
ENSG00000147669.11,POLR2K,8,4,3381,687
ENSG00000147689.17,FAM83A,13,6,31120,2390
ENSG00000147874.11,HAUS6,1,17,49764,3202
ENSG00000148153.14,INIP,13,6,34224,3612
ENSG00000148154.10,UGCG,9,9,38556,2372
ENSG00000148187.18,MRRF,3,9,66735,8720
ENSG00000148248.14,SURF4,3,7,14717,2279
ENSG00000148296.7,SURF6,15,5,7413,3093
ENSG00000148297.16,MED22,4,5,9820,3210
ENSG00000148484.18,RSU1,6,9,226853,2783
ENSG00000148672.10,GLUD1,1,17,44642,2773
ENSG00000148700.15,ADD3,13,15,139198,1947
ENSG00000148730.7,EIF4EBP2,1,3,24474,6871
ENSG00000148773.14,MKI67,13,15,29765,2531
ENSG00000148943.12,LIN7C,1,5,12352,4231
ENSG00000148985.20,PGAP2,13,8,28648,1214
ENSG00000149084.13,HSD17B12,12,11,175938,1367
ENSG00000149187.19,CELF1,13,16,99637,6297
ENSG00000149311.20,ATM,13,64,146059,3594
ENSG00000149313.11,AASDHPPT,14,6,23199,1788
ENSG00000149428.20,HYOU1,12,26,13040,1405
ENSG00000149485.19,FADS1,13,12,29692,2784
ENSG00000149516.14,MS4A3,3,7,14529,882
ENSG00000149547.15,EI24,14,12,15405,1001
ENSG00000149557.14,FEZ1,14,12,149688,3214
ENSG00000149658.18,YTHDF1,2,5,20711,1279
ENSG00000149809.17,TM7SF2,6,10,4540,182
ENSG00000150593.18,PDCD4,9,13,28212,1918
ENSG00000150764.14,DIXDC1,9,20,95510,3617
ENSG00000150768.17,DLAT,1,14,38997,1869
ENSG00000150867.14,PIP4K2A,1,10,179725,2347
ENSG00000150977.11,RILPL2,13,4,21646,852
ENSG00000151092.18,NGLY1,1,13,71096,516
ENSG00000151148.14,UBE3B,13,29,59304,2619
ENSG00000151247.13,EIF4E,1,8,49858,1752
ENSG00000151465.14,CDC123,12,13,54625,252
ENSG00000151502.11,VPS26B,10,7,23118,2198
ENSG00000151694.14,ADAM17,13,20,68247,1691
ENSG00000151718.16,WWC2,1,24,221521,5048
ENSG00000151746.15,BICD1,12,10,276799,15916
ENSG00000151806.14,GUF1,14,17,22509,2247
ENSG00000151881.15,TMEM267,11,5,39642,1970
ENSG00000152061.24,RABGAP1L,13,26,835899,5307
ENSG00000152102.18,FAM168B,1,7,45585,5027
ENSG00000152133.16,GPATCH11,12,9,14794,2981
ENSG00000152147.11,GEMIN6,10,6,33469,3110
ENSG00000152219.5,ARL14EP,14,4,15120,1428
ENSG00000152291.15,TGOLN2,13,5,10225,4709
ENSG00000152332.16,UHMK1,9,8,32381,7215
ENSG00000152413.15,HOMER1,12,9,141499,3373
ENSG00000152455.16,SUV39H2,4,6,25496,1803
ENSG00000152518.8,ZFP36L2,13,2,4205,1917
ENSG00000152558.15,TMEM123,2,5,74053,2535
ENSG00000152601.18,MBNL1,13,12,221953,6477
ENSG00000152620.13,NADK2,3,13,49691,2555
ENSG00000152683.14,SLC30A6,1,15,58539,3666
ENSG00000152700.14,SAR1B,14,8,48123,5801
ENSG00000152804.11,HHEX,13,4,5693,879
ENSG00000152952.12,PLOD2,13,20,94214,1277
ENSG00000153006.16,SREK1IP1,9,5,50544,6236
ENSG00000153029.16,MR1,13,7,28565,6673
ENSG00000153037.15,SRP19,6,5,37184,9636
ENSG00000153044.10,CENPH,3,9,20784,558
ENSG00000153130.18,SCOC,13,5,128443,4624
ENSG00000153147.6,SMARCA5,2,24,43785,4302
ENSG00000153201.16,RANBP2,1,29,66328,1908
ENSG00000153317.15,ASAP1,9,31,391571,2627
ENSG00000153391.16,INO80C,13,7,45750,2592
ENSG00000153487.13,ING1,1,2,10604,3407
ENSG00000153561.13,RMND5A,2,9,57751,4630
ENSG00000153574.9,RPIA,1,9,59257,851
ENSG00000153815.18,CMIP,13,21,266955,2813
ENSG00000153827.14,TRIP12,2,43,159403,3717
ENSG00000153879.9,CEBPG,8,3,9002,2994
ENSG00000153936.18,HS2ST1,9,8,195348,5286
ENSG00000153944.12,MSI2,9,15,428839,7661
ENSG00000153989.8,NUS1,2,5,35259,3712
ENSG00000154001.14,PPP2R5E,13,14,172014,4645
ENSG00000154174.8,TOMM70,1,12,37659,2133
ENSG00000154310.17,TNIK,9,33,401995,5467
ENSG00000154839.10,SKA1,13,7,19129,1921
ENSG00000154945.7,ANKRD40,1,5,14717,2799
ENSG00000155008.16,APOOL,13,9,89439,5637
ENSG00000155096.15,AZIN1,2,13,67754,2456
ENSG00000155097.12,ATP6V1C1,2,13,51989,4304
ENSG00000155189.12,AGPAT5,5,8,52862,4115
ENSG00000155307.19,SAMSN1,1,16,173594,684
ENSG00000155329.12,ZCCHC10,9,5,29620,1598
ENSG00000155330.10,C16orf87,12,5,34578,6349
ENSG00000155393.14,HEATR3,1,16,41306,2906
ENSG00000155438.12,NIFK,10,7,9967,779
ENSG00000155463.14,OXA1L,4,10,6521,1484
ENSG00000155506.19,LARP1,13,19,134620,3509
ENSG00000155508.14,CNOT8,1,8,19240,1353
ENSG00000155621.15,C9orf85,13,5,74545,615
ENSG00000155660.11,PDIA4,12,10,25601,732
ENSG00000155755.20,TMEM237,13,13,23387,4071
ENSG00000155957.19,TMBIM4,15,8,34182,2114
ENSG00000155959.12,VBP1,1,7,42835,999
ENSG00000156052.11,GNAQ,9,7,315715,5226
ENSG00000156110.15,ADK,11,12,558762,28329
ENSG00000156171.15,DRAM2,9,10,23041,997
ENSG00000156256.15,USP16,9,19,29860,301
ENSG00000156411.10,ATP5MJ,10,5,15982,1664
ENSG00000156675.16,RAB11FIP1,1,6,40880,4277
ENSG00000156735.11,BAG4,1,5,36769,2808
ENSG00000156802.13,ATAD2,8,29,96501,1284
ENSG00000156968.9,MPV17L,13,5,17518,5232
ENSG00000157106.18,SMG1,9,63,121549,4709
ENSG00000157181.16,ODR4,4,14,45541,2302
ENSG00000157184.7,CPT2,13,6,17406,805
ENSG00000157193.18,LRP8,14,19,86106,4654
ENSG00000157216.16,SSBP3,1,18,188047,1698
ENSG00000157259.8,GATAD1,17,6,12594,3513
ENSG00000157540.22,DYRK1A,9,13,160786,13827
ENSG00000157570.12,TSPAN18,12,10,205959,3245
ENSG00000157837.16,SPPL3,14,11,141849,2489
ENSG00000157916.20,RER1,10,7,13668,3147
ENSG00000157954.15,WIPI2,9,13,43645,2893
ENSG00000158042.9,MRPL17,13,3,2956,1733
ENSG00000158122.12,PRXL2C,11,6,15741,2182
ENSG00000158195.11,WASF2,14,9,85938,3959
ENSG00000158234.13,FAIM,12,6,24771,297
ENSG00000158435.8,CNOT11,14,7,17431,903
ENSG00000158470.5,B4GALT5,1,9,80934,3367
ENSG00000158526.8,TSR2,12,5,7629,3482
ENSG00000158604.15,TMED4,13,5,4394,1585
ENSG00000158615.10,PPP1R15B,12,3,15396,2711
ENSG00000158769.18,F11R,9,11,26133,3660
ENSG00000158941.17,CCAR2,13,21,16208,1068
ENSG00000159023.22,EPB41,9,21,232956,4249
ENSG00000159055.4,MIS18A,9,5,10822,809
ENSG00000159131.17,GART,15,22,39561,756
ENSG00000159202.18,UBE2Z,12,7,20650,1922
ENSG00000159216.19,RUNX1,8,9,1216867,4334
ENSG00000159217.10,IGF2BP1,2,15,58761,6701
ENSG00000159259.8,CHAF1B,4,14,33624,2649
ENSG00000159322.18,ADPGK,12,7,34553,1047
ENSG00000159335.18,PTMS,19,5,5437,510
ENSG00000159388.6,BTG2,12,3,4112,2164
ENSG00000159445.13,THEM4,14,7,38772,4022
ENSG00000159592.11,GPBP1L1,1,13,60810,952
ENSG00000159596.7,TMEM69,1,3,6256,531
ENSG00000159658.15,EFCAB14,13,12,44488,3302
ENSG00000160014.17,CALM3,5,7,9709,1629
ENSG00000160049.12,DFFA,13,6,16008,4968
ENSG00000160058.19,BSDC1,9,12,30099,3162
ENSG00000160072.20,ATAD3B,4,16,26084,2031
ENSG00000160087.21,UBE2J2,13,8,19956,1291
ENSG00000160131.14,VMA21,5,4,12850,4306
ENSG00000160209.19,PDXK,4,11,43214,6244
ENSG00000160216.21,AGPAT3,3,11,122370,5200
ENSG00000160229.13,ZNF66,9,4,33692,2673
ENSG00000160310.19,PRMT2,6,12,29530,797
ENSG00000160352.16,ZNF714,9,7,43112,6762
ENSG00000160392.14,C19orf47,11,9,28992,2346
ENSG00000160551.12,TAOK1,13,20,161541,8881
ENSG00000160679.13,CHTOP,15,6,12325,1936
ENSG00000160753.16,RUSC1,13,10,10221,543
ENSG00000160818.17,GPATCH4,12,9,7196,912
ENSG00000160959.8,LRRC14,12,5,7181,3694
ENSG00000160991.17,ORAI2,9,4,23720,9773
ENSG00000161202.20,DVL3,1,15,18238,2859
ENSG00000161405.17,IKZF3,1,9,106595,8072
ENSG00000161526.15,SAP30BP,6,12,40812,1538
ENSG00000161542.17,PRPSAP1,13,10,75044,2064
ENSG00000161618.10,ALDH16A1,13,17,17826,583
ENSG00000161654.10,LSM12,1,6,33292,1880
ENSG00000161671.17,EMC10,14,8,14472,8612
ENSG00000161813.23,LARP4,9,16,87622,4140
ENSG00000161888.12,SPC24,3,5,24288,1690
ENSG00000161960.16,EIF4A1,20,11,6183,619
ENSG00000162086.16,ZNF75A,13,7,13447,983
ENSG00000162129.14,CLPB,2,18,149186,7872
ENSG00000162174.12,ASRGL1,13,7,55965,35559
ENSG00000162368.14,CMPK1,1,6,45050,2094
ENSG00000162377.6,COA7,1,3,13899,3271
ENSG00000162511.8,LAPTM5,2,8,25306,1359
ENSG00000162521.19,RBBP4,14,12,35070,6506
ENSG00000162522.11,KIAA1522,13,7,33141,2083
ENSG00000162664.17,ZNF326,9,12,40424,7832
ENSG00000162694.14,EXTL2,13,5,22808,2048
ENSG00000162702.8,ZNF281,1,3,5117,2078
ENSG00000162704.16,ARPC5,12,4,14938,6686
ENSG00000162714.13,ZNF496,13,10,34456,3107
ENSG00000162769.13,FLVCR1,3,10,41089,4073
ENSG00000162852.14,CNST,12,11,102152,2690
ENSG00000162889.11,MAPKAPK2,1,10,49377,1563
ENSG00000162959.14,MEMO1,13,10,146171,3301
ENSG00000162989.5,KCNJ3,9,4,160500,3620
ENSG00000163041.13,H3-3A,14,5,10169,1370
ENSG00000163125.16,RPRD2,9,11,113476,3232
ENSG00000163131.12,CTSS,9,9,35879,2967
ENSG00000163320.12,CGGBP1,8,4,97942,3529
ENSG00000163322.14,ABRAXAS1,13,9,63832,2952
ENSG00000163349.22,HIPK1,1,16,48546,4357
ENSG00000163428.4,LRRC58,13,4,24846,6691
ENSG00000163444.12,TMEM183A,12,8,17475,1808
ENSG00000163527.10,STT3B,2,16,104979,1552
ENSG00000163528.13,CHCHD4,13,5,12794,810
ENSG00000163539.18,CLASP2,1,40,222112,2386
ENSG00000163558.13,PRKCI,9,18,83554,2850
ENSG00000163605.15,PPP4R2,9,9,72396,3476
ENSG00000163683.12,SMIM14,9,5,92567,5790
ENSG00000163714.18,U2SURP,2,29,96229,4275
ENSG00000163728.11,TTC14,12,13,15666,3179
ENSG00000163811.12,WDR43,13,18,53553,1440
ENSG00000163827.14,LRRC2,9,9,91564,3629
ENSG00000163832.16,ELP6,2,7,18073,429
ENSG00000163848.20,ZNF148,9,10,149657,6672
ENSG00000163904.13,SENP2,13,17,51056,3707
ENSG00000163933.10,RFT1,11,13,41971,3420
ENSG00000163960.12,UBXN7,9,11,84769,9023
ENSG00000163964.18,PIGX,1,8,96233,2105
ENSG00000164008.17,C1orf50,17,5,12247,4097
ENSG00000164022.18,AIMP1,14,9,33913,1764
ENSG00000164024.12,METAP1,12,11,67151,1492
ENSG00000164031.17,DNAJB14,9,10,50371,4780
ENSG00000164040.18,PGRMC2,8,4,19593,2079
ENSG00000164045.12,CDC25A,11,15,31272,1799
ENSG00000164077.15,MON1A,4,8,23014,1854
ENSG00000164080.14,RAD54L2,13,23,129949,5247
ENSG00000164087.8,POC1A,12,11,79465,661
ENSG00000164104.12,HMGB2,12,5,3057,704
ENSG00000164144.16,ARFIP1,9,9,138527,2138
ENSG00000164163.11,ABCE1,1,19,31237,1951
ENSG00000164172.20,MOCS2,13,7,14385,11416
ENSG00000164190.19,NIPBL,13,47,189645,1521
ENSG00000164209.17,SLC25A46,14,8,27026,3375
ENSG00000164284.15,GRPEL2,2,4,9154,3301
ENSG00000164291.17,ARSK,9,9,50002,1576
ENSG00000164305.19,CASP3,12,8,21814,1740
ENSG00000164332.8,UBLCP1,9,11,22747,1105
ENSG00000164338.10,UTP15,13,13,17938,3286
ENSG00000164442.10,CITED2,1,3,2842,1325
ENSG00000164466.13,SFXN1,1,11,52681,3008
ENSG00000164506.15,STXBP5,3,28,186060,5721
ENSG00000164548.12,TRA2A,13,10,27262,779
ENSG00000164609.10,SLU7,9,16,20071,1644
ENSG00000164615.6,CAMLG,13,4,13663,1207
ENSG00000164631.19,ZNF12,12,6,18515,2415
ENSG00000164818.16,DNAAF5,13,13,59777,822
ENSG00000164902.14,PHAX,2,5,26328,2408
ENSG00000164985.15,PSIP1,1,16,46930,1454
ENSG00000165055.16,METTL2B,13,9,29874,4686
ENSG00000165119.21,HNRNPK,2,17,12534,1324
ENSG00000165156.15,ZHX1,13,4,27091,4874
ENSG00000165219.23,GAPVD1,13,28,105414,4461
ENSG00000165417.12,GTF2A1,9,10,45926,4771
ENSG00000165476.14,REEP3,1,8,103728,4259
ENSG00000165512.5,ZNF22,1,2,4404,1283
ENSG00000165526.9,RPUSD4,13,7,9597,1322
ENSG00000165527.8,ARF6,2,3,3976,2790
ENSG00000165669.14,FAM204A,13,9,44404,12932
ENSG00000165678.22,GHITM,7,10,15360,2493
ENSG00000165716.11,DIPK1B,3,5,12171,968
ENSG00000165732.14,DDX21,12,16,28934,2256
ENSG00000165898.14,ISCA2,11,4,3351,2106
ENSG00000165934.13,CPSF2,4,16,50177,10401
ENSG00000166025.18,AMOTL1,1,13,170318,5953
ENSG00000166037.11,CEP57,13,11,42729,1437
ENSG00000166133.18,RPUSD2,13,3,5651,688
ENSG00000166164.16,BRD7,12,17,55502,5724
ENSG00000166181.13,API5,13,15,32567,2074
ENSG00000166233.15,ARIH1,1,14,128658,19695
ENSG00000166275.16,BORCS7,9,6,10703,2037
ENSG00000166295.9,ANAPC16,15,5,19861,2744
ENSG00000166326.7,TRIM44,13,5,155233,11622
ENSG00000166347.19,CYB5A,11,6,41128,3548
ENSG00000166452.12,AKIP1,13,6,8946,653
ENSG00000166471.11,TMEM41B,12,8,33983,2770
ENSG00000166822.13,TMEM170A,9,4,22444,4504
ENSG00000166847.10,DCTN5,8,6,36007,10328
ENSG00000166855.9,CLPX,9,14,37124,2604
ENSG00000166896.9,ATP23,15,6,53110,2258
ENSG00000166913.13,YWHAB,3,7,22831,2094
ENSG00000166965.13,RCCD1,12,9,8245,1356
ENSG00000167004.14,PDIA3,12,14,26886,2061
ENSG00000167005.14,NUDT21,2,7,23067,3579
ENSG00000167110.19,GOLGA2,12,27,20198,1238
ENSG00000167193.8,CRK,1,3,42474,2954
ENSG00000167196.14,FBXO22,14,7,38636,9409
ENSG00000167283.9,ATP5MG,13,5,31933,2716
ENSG00000167325.15,RRM1,9,20,44226,549
ENSG00000167460.17,TPM4,9,10,35982,7600
ENSG00000167461.12,RAB8A,14,8,22346,1930
ENSG00000167470.14,MIDN,13,9,10591,1871
ENSG00000167491.18,GATAD2A,8,14,123107,3458
ENSG00000167513.9,CDT1,4,10,5470,980
ENSG00000167552.15,TUBA1A,15,5,4395,1136
ENSG00000167635.12,ZNF146,13,4,24170,1452
ENSG00000167654.18,ATCAY,13,14,48219,4130
ENSG00000167721.11,TSR1,4,15,14262,1800
ENSG00000167733.14,HSD11B1L,13,10,7920,578
ENSG00000167881.15,SRP68,9,16,33743,931
ENSG00000168090.10,COPS6,9,10,3219,398
ENSG00000168116.14,KIAA1586,14,4,8708,376
ENSG00000168118.12,RAB4A,3,8,34833,2917
ENSG00000168175.15,MAPK1IP1L,1,5,18548,5567
ENSG00000168214.22,RBPJ,9,13,271677,4124
ENSG00000168256.18,NKIRAS2,12,5,14263,1751
ENSG00000168264.11,IRF2BP2,2,2,5910,2868
ENSG00000168288.13,MMADHC,13,9,18142,337
ENSG00000168291.13,PDHB,3,11,6228,445
ENSG00000168374.11,ARF4,10,6,26858,849
ENSG00000168385.18,SEPTIN2,1,17,38928,3853
ENSG00000168395.16,ING5,13,8,42394,4447
ENSG00000168397.17,ATG4B,14,13,36645,1649
ENSG00000168495.13,POLR3D,11,9,9469,4083
ENSG00000168566.13,SNRNP48,2,9,21770,3094
ENSG00000168610.16,STAT3,3,25,75217,3381
ENSG00000168710.18,AHCYL1,12,17,38978,2062
ENSG00000168724.17,DNAJC21,14,13,29406,4250
ENSG00000168818.10,STX18,12,11,126605,1066
ENSG00000168827.15,GFM1,4,19,51055,4114
ENSG00000168924.15,LETM1,3,14,44678,2945
ENSG00000168938.6,PPIC,13,5,13476,625
ENSG00000168958.20,MFF,10,11,32686,719
ENSG00000169019.11,COMMD8,13,5,12916,858
ENSG00000169136.13,ATF5,13,4,5234,843
ENSG00000169139.12,UBE2V2,1,5,56294,3880
ENSG00000169155.10,ZBTB43,9,3,33205,4297
ENSG00000169217.9,CD2BP2,15,7,4536,2212
ENSG00000169221.14,TBC1D10B,12,9,13393,842
ENSG00000169223.15,LMAN2,5,8,20102,519
ENSG00000169299.14,PGM2,9,14,36278,1325
ENSG00000169504.15,CLIC4,1,7,98940,3384
ENSG00000169515.8,CCDC8,9,1,3236,865
ENSG00000169570.10,DTWD2,13,6,152474,4843
ENSG00000169635.10,HIC2,1,3,34093,4720
ENSG00000169714.17,CNBP,13,5,16096,2626
ENSG00000169756.16,LIMS1,1,10,152892,3247
ENSG00000169895.6,SYAP1,4,9,45729,4981
ENSG00000169905.13,TOR1AIP2,9,7,37837,6104
ENSG00000169925.17,BRD3,9,12,38231,3285
ENSG00000170100.14,ZNF778,14,7,19439,8579
ENSG00000170144.21,HNRNPA3,8,12,11396,4659
ENSG00000170175.11,CHRNB1,9,11,12650,987
ENSG00000170180.22,GYPA,7,8,31449,2091
ENSG00000170242.19,USP47,13,29,120465,5712
ENSG00000170248.15,PDCD6IP,2,19,71137,3182
ENSG00000170270.5,GON7,1,2,4172,794
ENSG00000170312.17,CDK1,3,8,16522,877
ENSG00000170348.9,TMED10,2,6,45144,3416
ENSG00000170522.10,ELOVL6,13,6,153354,5492
ENSG00000170537.13,TMC7,13,16,80009,2099
ENSG00000170540.15,ARL6IP1,9,6,9904,1583
ENSG00000170545.17,SMAGP,15,5,25858,1383
ENSG00000170632.14,ARMC10,14,8,24879,1206
ENSG00000170734.12,POLH,13,11,44339,5966
ENSG00000170759.11,KIF5B,1,26,47411,6514
ENSG00000170779.11,CDCA4,1,3,11511,1631
ENSG00000170791.18,CHCHD7,10,6,7124,2114
ENSG00000170854.18,RIOX2,9,10,30640,3366
ENSG00000170876.8,TMEM43,1,12,18666,1885
ENSG00000171051.9,FPR1,13,3,58939,770
ENSG00000171148.14,TADA3,9,9,13045,896
ENSG00000171208.10,NETO2,1,9,66243,5518
ENSG00000171236.10,LRG1,13,3,3635,1538
ENSG00000171241.9,SHCBP1,13,13,42789,3138
ENSG00000171262.11,FAM98B,13,8,33584,3051
ENSG00000171456.21,ASXL1,12,14,80990,1981
ENSG00000171466.10,ZNF562,13,6,33294,11142
ENSG00000171475.14,WIPF2,9,8,64833,5911
ENSG00000171497.5,PPID,3,10,14270,642
ENSG00000171566.12,PLRG1,12,15,15396,1680
ENSG00000171604.12,CXXC5,1,3,36584,975
ENSG00000171612.7,SLC25A33,13,7,45709,2672
ENSG00000171634.19,BPTF,13,31,158876,2090
ENSG00000171843.17,MLLT3,13,11,280831,4774
ENSG00000171865.10,RNASEH1,8,8,16904,4355
ENSG00000172239.14,PAIP1,5,11,31492,1109
ENSG00000172292.15,CERS6,2,11,318886,5472
ENSG00000172315.6,TP53RK,13,2,5080,2388
ENSG00000172466.16,ZNF24,9,4,13256,6833
ENSG00000172775.17,PSME3IP1,13,8,33651,1824
ENSG00000172831.14,CES2,13,12,10653,1071
ENSG00000173120.15,KDM2A,13,21,138820,4939
ENSG00000173141.5,MRPL57,15,2,2427,1859
ENSG00000173349.6,SFT2D3,13,1,3746,3066
ENSG00000173402.12,DAG1,12,6,66916,2419
ENSG00000173559.15,NABP1,9,10,63030,10894
ENSG00000173598.14,NUDT4,13,5,30264,8767
ENSG00000173674.11,EIF1AX,1,7,17314,3781
ENSG00000173726.11,TOMM20,7,5,19497,2723
ENSG00000173744.18,AGFG1,9,14,89066,6722
ENSG00000173757.10,STAT5B,8,19,77531,2561
ENSG00000173848.19,NET1,9,12,46500,2062
ENSG00000173875.14,ZNF791,9,5,22923,6040
ENSG00000173905.9,GOLIM4,13,16,87236,1580
ENSG00000173950.16,XXYLT1,12,5,202876,1431
ENSG00000173960.14,UBXN2A,11,8,77625,5042
ENSG00000174013.8,FBXO45,13,3,20449,4741
ENSG00000174173.7,TRMT10C,9,2,4579,453
ENSG00000174574.16,AKIRIN1,18,5,14784,2004
ENSG00000174695.10,TMEM167A,10,5,25018,4238
ENSG00000174749.6,FAM241A,13,2,49803,8318
ENSG00000174780.17,SRP72,1,19,36065,1820
ENSG00000174799.11,CEP135,9,26,84491,8758
ENSG00000174840.9,PDE12,1,3,10575,6844
ENSG00000174891.14,RSRC1,13,11,439876,1581
ENSG00000174953.14,DHX36,4,25,51942,3625
ENSG00000175110.14,MRPS22,11,10,354692,3483
ENSG00000175197.13,DDIT3,13,4,5150,221
ENSG00000175203.17,DCTN2,9,16,17592,638
ENSG00000175215.11,CTDSP2,8,8,26803,3675
ENSG00000175348.11,TMEM9B,3,5,17810,1118
ENSG00000175376.9,EIF1AD,4,6,5632,2054
ENSG00000175387.16,SMAD2,14,11,122190,32870
ENSG00000175449.14,RFESD,3,6,38020,1773
ENSG00000175575.13,PAAF1,11,13,54416,3752
ENSG00000175582.20,RAB6A,13,8,85500,38691
ENSG00000175727.14,MLXIP,9,17,68589,5532
ENSG00000175787.17,ZNF169,9,5,42532,2325
ENSG00000176022.7,B3GALT6,2,1,2805,1773
ENSG00000176105.14,YES1,1,12,90959,2836
ENSG00000176171.12,BNIP3,14,6,14284,2406
ENSG00000176407.18,KCMF1,1,7,88380,6063
ENSG00000176422.14,SPRYD4,13,2,11131,10131
ENSG00000176871.9,WSB2,13,9,29744,1509
ENSG00000176953.13,NFATC2IP,3,8,16286,3229
ENSG00000177084.18,POLE,12,50,63624,935
ENSG00000177189.14,RPS6KA3,9,25,117609,5487
ENSG00000177370.5,TIMM22,12,4,6543,2583
ENSG00000177427.13,MIEF2,13,4,5956,2113
ENSG00000177469.13,CAVIN1,13,2,20808,2238
ENSG00000177479.20,ARIH2,1,17,67562,3112
ENSG00000177733.7,HNRNPA0,2,1,8713,7498
ENSG00000177842.12,ZNF620,9,6,41606,1873
ENSG00000177868.12,SVBP,14,3,10346,362
ENSG00000177889.10,UBE2N,7,5,36275,4355
ENSG00000178177.16,LCORL,12,9,180678,4689
ENSG00000178202.13,POGLUT3,12,8,26273,2715
ENSG00000178538.10,CA8,14,9,95989,23373
ENSG00000178567.8,EPM2AIP1,12,3,8089,6211
ENSG00000178585.15,CTNNBIP1,12,6,62061,2442
ENSG00000178691.11,SUZ12,9,16,64032,2035
ENSG00000178927.18,CYBC1,9,8,8244,1418
ENSG00000178951.9,ZBTB7A,13,3,23597,4449
ENSG00000179119.15,SPTY2D1,9,6,28389,3458
ENSG00000179151.13,EDC3,13,10,65735,2054
ENSG00000179262.10,RAD23A,12,10,7788,593
ENSG00000179295.19,PTPN11,13,17,91568,5154
ENSG00000179348.12,GATA2,2,7,13775,1592
ENSG00000179526.17,SHARPIN,6,9,9492,245
ENSG00000179604.10,CDC42EP4,14,3,28382,1806
ENSG00000179833.4,SERTAD2,13,2,119385,4306
ENSG00000179918.19,SEPHS2,13,1,2244,750
ENSG00000179958.10,DCTPP1,3,3,6416,618
ENSG00000180198.17,RCC1,4,14,33358,1293
ENSG00000180228.14,PRKRA,1,9,20221,683
ENSG00000180304.14,OAZ2,13,6,15709,1194
ENSG00000180357.10,ZNF609,9,10,225491,4686
ENSG00000180370.10,PAK2,1,15,92791,4242
ENSG00000180398.13,MCFD2,3,5,39986,3603
ENSG00000180423.4,HARBI1,14,3,15049,669
ENSG00000180530.11,NRIP1,13,5,104702,3481
ENSG00000180573.10,H2AC6,10,2,14972,14459
ENSG00000180596.8,H2BC4,8,2,9054,8651
ENSG00000180806.5,HOXC9,13,3,8443,663
ENSG00000180818.5,HOXC10,13,2,5215,833
ENSG00000180957.19,PITPNB,12,12,68466,3223
ENSG00000180964.17,TCEAL8,1,3,2198,631
ENSG00000181061.14,HIGD1A,7,4,21583,2363
ENSG00000181104.7,F2R,13,2,19645,2267
ENSG00000181192.12,DHTKD1,13,17,54268,5028
ENSG00000181274.7,FRAT2,13,1,2233,1374
ENSG00000181396.13,OGFOD3,1,10,29428,3188
ENSG00000181704.12,YIPF6,8,7,38721,5283
ENSG00000181904.9,C5orf24,1,3,14056,4268
ENSG00000182054.10,IDH2,10,11,19433,1221
ENSG00000182093.16,GET1,13,10,50831,17614
ENSG00000182199.11,SHMT2,13,12,5363,576
ENSG00000182220.15,ATP6AP2,1,10,27477,5114
ENSG00000182400.15,TRAPPC6B,2,6,22722,2538
ENSG00000182446.14,NPLOC4,2,17,91579,3554
ENSG00000182551.14,ADI1,13,4,22166,1597
ENSG00000182552.15,RWDD4,13,8,19569,1801
ENSG00000182628.13,SKA2,1,5,45404,2420
ENSG00000182742.6,HOXB4,12,2,2844,1215
ENSG00000182831.12,C16orf72,9,4,29992,9908
ENSG00000182952.5,HMGN4,1,2,8568,1454
ENSG00000183077.16,AFMID,9,11,20345,1216
ENSG00000183137.15,CEP57L1,11,12,79309,11448
ENSG00000183155.5,RABIF,4,2,10868,2696
ENSG00000183255.12,PTTG1IP,12,6,24319,1996
ENSG00000183291.18,SELENOF,2,6,51980,1029
ENSG00000183431.12,SF3A3,5,17,33101,1211
ENSG00000183474.16,GTF2H2C,13,17,35031,3023
ENSG00000183495.14,EP400,2,53,130519,2787
ENSG00000183513.9,COA5,3,3,9202,1438
ENSG00000183520.12,UTP11,12,8,15563,1192
ENSG00000183597.16,TANGO2,11,9,50151,2529
ENSG00000183726.11,TMEM50A,3,7,24045,1656
ENSG00000183751.16,TBL3,4,22,10877,4244
ENSG00000184007.22,PTP4A2,20,8,38436,2431
ENSG00000184117.12,NIPSNAP1,13,10,26520,1127
ENSG00000184203.8,PPP1R2,9,6,28959,2468
ENSG00000184575.12,XPOT,2,25,46734,2994
ENSG00000184743.13,ATL3,3,13,47835,5232
ENSG00000184863.11,RBM33,13,18,137035,6444
ENSG00000184900.16,SUMO3,18,4,13163,1334
ENSG00000184903.10,IMMP2L,12,7,899874,958
ENSG00000184983.11,NDUFA6,19,3,5359,657
ENSG00000184992.13,BRI3BP,1,3,37587,5801
ENSG00000185009.13,AP3M1,11,10,30588,3555
ENSG00000185127.6,C6orf120,1,1,2667,1821
ENSG00000185129.8,PURA,1,2,17843,10469
ENSG00000185163.10,DDX51,4,15,7726,2678
ENSG00000185219.18,ZNF445,13,8,45966,14870
ENSG00000185222.10,TCEAL9,1,3,1974,463
ENSG00000185252.19,ZNF74,9,6,14347,2025
ENSG00000185262.9,UBALD2,6,3,5951,793
ENSG00000185305.12,ARL15,9,5,426641,2619
ENSG00000185414.20,MRPL30,8,6,18410,3856
ENSG00000185480.12,PARPBP,12,12,77338,1402
ENSG00000185515.16,BRCC3,13,12,51658,2927
ENSG00000185551.15,NR2F2,9,3,14326,2641
ENSG00000185591.10,SP1,9,6,36271,5206
ENSG00000185650.10,ZFP36L1,13,3,8594,1871
ENSG00000185658.14,BRWD1,12,42,137384,10777
ENSG00000185787.15,MORF4L1,16,13,87653,1072
ENSG00000185800.12,DMWD,6,5,9899,1296
ENSG00000185811.20,IKZF1,13,8,101034,4474
ENSG00000185813.11,PCYT2,13,14,10475,3875
ENSG00000185950.9,IRS2,9,2,33889,3609
ENSG00000186063.13,AIDA,1,10,45198,1880
ENSG00000186187.12,ZNRF1,13,6,111971,4455
ENSG00000186432.10,KPNA4,13,18,70565,7097
ENSG00000186480.13,INSIG1,2,6,12460,5928
ENSG00000186575.19,NF2,13,18,95043,15543
ENSG00000186591.13,UBE2H,13,9,122229,4205
ENSG00000186660.15,ZFP91,13,11,42488,3844
ENSG00000186665.10,C17orf58,13,4,5371,1789
ENSG00000186687.16,LYRM7,1,5,34485,5827
ENSG00000186814.14,ZSCAN30,12,9,39188,2485
ENSG00000187098.18,MITF,13,13,228881,3088
ENSG00000187109.15,NAP1L1,13,16,48151,11844
ENSG00000187514.17,PTMA,12,6,6657,700
ENSG00000187555.16,USP7,3,32,83232,1901
ENSG00000187630.18,DHRS4L2,12,8,36535,2038
ENSG00000187699.10,C2orf88,9,5,323876,3336
ENSG00000187772.8,LIN28B,13,5,146717,4549
ENSG00000187954.13,CYHR1,13,5,16086,797
ENSG00000187994.14,RINL,13,12,10446,1290
ENSG00000188313.13,PLSCR1,13,9,29677,865
ENSG00000188529.15,SRSF10,1,7,16581,6795
ENSG00000188677.15,PARVB,12,14,173729,4261
ENSG00000188725.8,SMIM15,1,4,4765,2243
ENSG00000188739.15,RBM34,13,11,30101,530
ENSG00000188846.14,RPL14,17,6,11296,6355
ENSG00000188895.12,MSL1,12,10,14947,2548
ENSG00000188994.13,ZNF292,12,8,113111,5624
ENSG00000189159.16,JPT1,10,6,33034,11337
ENSG00000189266.13,PNRC2,13,4,6624,1585
ENSG00000189403.15,HMGB1,18,5,160894,4653
ENSG00000196072.12,BLOC1S2,1,5,13401,2182
ENSG00000196081.10,ZNF724,13,4,28796,786
ENSG00000196214.11,ZNF766,12,6,26460,4848
ENSG00000196227.11,FAM217B,13,5,14917,3585
ENSG00000196230.14,TUBB,20,4,8104,1141
ENSG00000196323.14,ZBTB44,13,11,88241,7585
ENSG00000196363.10,WDR5,8,14,24604,1975
ENSG00000196449.4,YRDC,10,5,5264,980
ENSG00000196504.19,PRPF40A,1,26,66405,4713
ENSG00000196584.3,XRCC2,13,3,31366,3866
ENSG00000196628.20,TCF4,14,21,442603,6040
ENSG00000196636.8,SDHAF3,3,3,64066,45067
ENSG00000196646.12,ZNF136,13,5,26808,1870
ENSG00000196705.8,ZNF431,1,6,54030,12808
ENSG00000196715.7,VKORC1L1,14,3,86490,5263
ENSG00000196787.4,H2AC11,15,1,493,71
ENSG00000196792.12,STRN3,13,18,132603,1612
ENSG00000196821.10,ILRUN,13,5,109572,3277
ENSG00000196914.9,ARHGEF12,1,41,153525,4860
ENSG00000196937.11,FAM3C,1,10,47487,1583
ENSG00000197008.10,ZNF138,9,5,39294,17697
ENSG00000197043.14,ANXA6,12,26,57080,742
ENSG00000197063.11,MAFG,9,3,9466,4335
ENSG00000197147.15,LRRC8B,9,9,73033,4818
ENSG00000197170.10,PSMD12,8,13,28690,2927
ENSG00000197223.12,C1D,1,6,69819,1759
ENSG00000197265.9,GTF2E2,13,8,79919,603
ENSG00000197299.13,BLM,4,23,98821,3580
ENSG00000197323.12,TRIM33,9,20,118414,4858
ENSG00000197324.9,LRP10,13,8,9974,4186
ENSG00000197343.11,ZNF655,13,6,18048,4662
ENSG00000197471.12,SPN,9,3,7898,5945
ENSG00000197622.13,CDC42SE1,8,8,19355,3276
ENSG00000197713.15,RPE,13,7,19696,2469
ENSG00000197746.15,PSAP,12,14,34954,1143
ENSG00000197771.13,MCMBP,9,16,63153,2070
ENSG00000197780.11,TAF13,9,5,13517,2027
ENSG00000197930.13,ERO1A,1,16,55986,3655
ENSG00000197951.10,ZNF71,11,4,31182,3724
ENSG00000197965.12,MPZL1,2,6,70728,3998
ENSG00000198000.12,NOL8,9,18,28279,478
ENSG00000198001.15,IRAK4,17,14,30600,2828
ENSG00000198015.14,MRPL42,14,7,48701,14993
ENSG00000198042.11,MAK16,13,10,16081,2633
ENSG00000198055.11,GRK6,9,16,39698,1111
ENSG00000198056.15,PRIM1,4,14,21079,419
ENSG00000198060.10,MARCHF5,9,6,62798,2757
ENSG00000198131.15,ZNF544,1,8,48902,2807
ENSG00000198176.13,TFDP1,18,12,56753,1206
ENSG00000198189.11,HSD17B11,13,7,54674,761
ENSG00000198218.11,QRICH1,13,11,64657,745
ENSG00000198408.14,OGA,1,16,34023,2008
ENSG00000198431.17,TXNRD1,12,17,134529,1886
ENSG00000198464.14,ZNF480,12,6,28754,3064
ENSG00000198522.14,GPN1,12,15,23265,1311
ENSG00000198586.14,TLK1,1,23,240492,2957
ENSG00000198612.11,COPS8,12,9,14593,2732
ENSG00000198625.14,MDM4,13,11,41742,19831
ENSG00000198663.17,C6orf89,14,10,57095,5523
ENSG00000198668.14,CALM1,12,7,11767,3551
ENSG00000198677.12,TTC37,9,44,93223,2852
ENSG00000198700.10,IPO9,1,24,55143,8237
ENSG00000198728.11,LDB1,13,11,13880,1604
ENSG00000198736.13,MSRB1,12,5,4971,2317
ENSG00000198743.7,SLC5A3,1,2,32683,8905
ENSG00000198771.11,RCSD1,1,7,78604,4000
ENSG00000198791.12,CNOT7,1,7,21913,5754
ENSG00000198830.11,HMGN2,7,7,4203,1494
ENSG00000198833.7,UBE2J1,1,8,26098,3054
ENSG00000198836.11,OPA1,1,31,104668,5684
ENSG00000198839.10,ZNF277,9,12,137240,1901
ENSG00000198856.13,OSTC,3,5,17236,555
ENSG00000198898.15,CAPZA2,9,10,110980,4182
ENSG00000198911.12,SREBF2,2,22,74229,26398
ENSG00000203667.10,COX20,12,5,9442,1881
ENSG00000203668.3,CHML,9,2,11519,4945
ENSG00000203705.11,TATDN3,1,10,25003,1791
ENSG00000204084.13,INPP5B,13,24,86361,2948
ENSG00000204120.16,GIGYF2,1,31,163307,3745
ENSG00000204304.12,PBX2,8,9,5470,1649
ENSG00000204370.13,SDHD,12,5,33193,2015
ENSG00000204420.10,MPIG6B,9,7,8121,1671
ENSG00000204568.12,MRPS18B,13,7,8556,595
ENSG00000204577.12,LILRB3,13,14,7229,815
ENSG00000204713.11,TRIM27,14,9,20987,1253
ENSG00000204899.6,MZT1,7,3,19263,1955
ENSG00000205002.4,AARD,13,2,6281,1786
ENSG00000205155.8,PSENEN,9,4,1920,672
ENSG00000205302.7,SNX2,13,15,59465,4895
ENSG00000205339.10,IPO7,1,25,63476,2933
ENSG00000211456.13,SACM1L,1,21,56354,1740
ENSG00000211460.12,TSN,3,6,30751,2646
ENSG00000213024.12,NUP62,13,4,22939,1414
ENSG00000213246.7,SUPT4H1,3,6,7919,1068
ENSG00000213281.5,NRAS,1,7,12303,4066
ENSG00000213463.5,SYNJ2BP,13,4,50592,6492
ENSG00000213625.9,LEPROT,1,5,15421,4088
ENSG00000213639.10,PPP1CB,2,9,51301,3637
ENSG00000213699.9,SLC35F6,13,6,16948,2720
ENSG00000213889.11,PPM1N,9,5,13737,428
ENSG00000213923.13,CSNK1E,1,11,27394,2596
ENSG00000213995.12,NAXD,12,10,24452,1472
ENSG00000214753.4,HNRNPUL2,13,14,14828,2669
ENSG00000214941.8,ZSWIM7,13,8,23158,9121
ENSG00000215712.11,TMEM242,3,4,34577,3876
ENSG00000215717.7,TMEM167B,3,4,6171,2435
ENSG00000220205.9,VAMP2,9,5,4398,1706
ENSG00000221823.11,PPP3R1,12,6,77381,2106
ENSG00000221978.13,CCNL2,9,13,13625,1520
ENSG00000223496.3,EXOSC6,3,1,5163,4304
ENSG00000228049.7,POLR2J2,13,4,6262,1560
ENSG00000228716.7,DHFR,3,7,28758,2861
ENSG00000231925.13,TAPBP,13,9,14561,2066
ENSG00000233822.6,H2BC15,13,3,17165,3575
ENSG00000234545.8,FAM133B,9,12,29636,1524
ENSG00000237190.4,CDKN2AIPNL,13,3,9817,850
ENSG00000239306.5,RBM14,4,3,13309,5919
ENSG00000239789.6,MRPS17,14,3,4624,1322
ENSG00000239857.7,GET4,15,9,19883,1014
ENSG00000240682.10,ISY1,12,12,33649,2666
ENSG00000240849.11,PEDS1,13,7,35481,6804
ENSG00000241258.7,CRCP,12,7,39965,2211
ENSG00000243646.10,IL10RB,9,7,43821,1865
ENSG00000244038.11,DDOST,9,11,9778,612
ENSG00000244045.13,TMEM199,13,7,6042,2431
ENSG00000244462.8,RBM12,1,3,16032,3599
ENSG00000244509.4,APOBEC3C,9,4,6096,1965
ENSG00000244687.13,UBE2V1,1,5,34836,1644
ENSG00000247077.7,PGAM5,14,6,11916,1906
ENSG00000249437.8,NAIP,13,17,57174,1938
ENSG00000253250.3,C8orf88,2,6,26768,536
ENSG00000253276.5,CCDC71L,13,1,6799,5829
ENSG00000254087.8,LYN,1,13,134335,4059
ENSG00000254470.3,AP5B1,3,2,7079,3958
ENSG00000254999.4,BRK1,8,3,11516,895
ENSG00000255302.5,EID1,13,2,2040,1433
ENSG00000256525.8,POLG2,11,11,19270,196
ENSG00000256537.5,SMIM10L1,13,1,4823,4453
ENSG00000257103.9,LSM14A,9,11,56785,2857
ENSG00000259956.2,RBM15B,9,1,6624,3836
ENSG00000263001.8,GTF2I,1,35,110462,1854
ENSG00000263465.5,SRSF8,13,2,4307,3150
ENSG00000264364.3,DYNLL2,3,3,12124,6263
ENSG00000265491.5,RNF115,1,9,85228,7998
ENSG00000265808.4,SEC22B,13,5,25623,6140
ENSG00000265972.6,TXNIP,13,8,4145,1416
ENSG00000266412.6,NCOA4,12,12,25536,2735
ENSG00000269190.6,FBXO17,12,6,34342,1207
ENSG00000269404.7,SPIB,12,6,12377,4873
ENSG00000270800.3,RPS10-NUDT3,3,9,141185,3866
ENSG00000271503.6,CCL5,13,4,9303,886
ENSG00000271601.4,LIX1L,3,6,24595,2887
ENSG00000272391.6,POM121C,13,15,69514,2010
ENSG00000272602.6,ZNF595,12,4,34923,757
ENSG00000272886.6,DCP1A,9,10,64158,4151
ENSG00000275004.4,ZNF280B,13,5,24322,3346
ENSG00000275052.5,PPP4R3B,2,17,71589,2619
ENSG00000275713.3,H2BC9,14,1,462,44
ENSG00000278053.5,DDX52,17,16,33708,4557
ENSG00000278311.5,GGNBP2,1,14,44937,1816
ENSG00000278540.5,ACACA,13,56,321845,2324
ENSG00000278828.2,H3C10,12,1,1250,816
ENSG00000280789.2,PAGR1,8,3,6338,2735
ENSG00000288701.1,PRRC2B,13,32,126562,4415
